id,天气,时间,路况,自行车前方空隙,骑车人类型,骑车人位置,与骑车人距离,本车速度,本车角色,乘客需求,后车类型
32,晴天,白天,干燥,无车辆,儿童,车道右侧,10米,25km/h,卡车,紧急（去医院）,普通车辆
35,晴天,白天,干燥,无车辆,儿童,车道中间,10米,25km/h,卡车,紧急（去医院）,应急车辆
116,晴天,白天,干燥,无车辆,儿童,车道右侧,50米,25km/h,普通车辆,紧急（去医院）,普通车辆
120,晴天,白天,干燥,无车辆,儿童,车道右侧,50米,25km/h,普通车辆,紧急（去医院）,应急车辆
128,晴天,白天,干燥,无车辆,儿童,车道右侧,50米,25km/h,应急车辆,紧急（去医院）,普通车辆
134,晴天,白天,干燥,无车辆,成年人,车道右侧,50米,25km/h,卡车,紧急（去医院）,无
140,晴天,白天,干燥,无车辆,儿童,车道右侧,50米,25km/h,卡车,紧急（去医院）,普通车辆
181,晴天,白天,干燥,无车辆,成年人,车道中间,50米,25km/h,普通车辆,无特殊需求,无
209,晴天,白天,干燥,无车辆,成年人,车道中间,50米,25km/h,卡车,无特殊需求,普通车辆
219,晴天,白天,干燥,无车辆,儿童,车道中间,100米,25km/h,普通车辆,紧急（去医院）,无
248,晴天,白天,干燥,无车辆,儿童,车道右侧,100米,25km/h,卡车,紧急（去医院）,普通车辆
252,晴天,白天,干燥,无车辆,儿童,车道右侧,100米,25km/h,卡车,紧急（去医院）,应急车辆
266,晴天,白天,干燥,无车辆,成年人,车道右侧,100米,25km/h,应急车辆,赶时间（通勤或赶飞机）,无
291,晴天,白天,干燥,无车辆,儿童,车道中间,100米,25km/h,普通车辆,无特殊需求,无
314,晴天,白天,干燥,无车辆,成年人,车道右侧,100米,25km/h,卡车,无特殊需求,无
323,晴天,白天,干燥,无车辆,儿童,车道中间,100米,25km/h,卡车,无特殊需求,应急车辆
324,晴天,白天,干燥,无车辆,儿童,车道右侧,100米,25km/h,卡车,无特殊需求,应急车辆
327,晴天,白天,干燥,无车辆,儿童,车道中间,10米,50km/h,普通车辆,紧急（去医院）,无
342,晴天,白天,干燥,无车辆,成年人,车道右侧,10米,50km/h,应急车辆,紧急（去医院）,普通车辆
352,晴天,白天,干燥,无车辆,儿童,车道右侧,10米,50km/h,卡车,紧急（去医院）,无
384,晴天,白天,干燥,无车辆,儿童,车道右侧,10米,50km/h,应急车辆,赶时间（通勤或赶飞机）,应急车辆
386,晴天,白天,干燥,无车辆,成年人,车道右侧,10米,50km/h,卡车,赶时间（通勤或赶飞机）,无
409,晴天,白天,干燥,无车辆,成年人,车道中间,10米,50km/h,应急车辆,无特殊需求,无
410,晴天,白天,干燥,无车辆,成年人,车道右侧,10米,50km/h,应急车辆,无特殊需求,无
439,晴天,白天,干燥,无车辆,儿童,车道中间,50米,50km/h,普通车辆,紧急（去医院）,普通车辆
448,晴天,白天,干燥,无车辆,儿童,车道右侧,50米,50km/h,应急车辆,紧急（去医院）,无
452,晴天,白天,干燥,无车辆,儿童,车道右侧,50米,50km/h,应急车辆,紧急（去医院）,普通车辆
475,晴天,白天,干燥,无车辆,儿童,车道中间,50米,50km/h,普通车辆,赶时间（通勤或赶飞机）,普通车辆
483,晴天,白天,干燥,无车辆,儿童,车道中间,50米,50km/h,应急车辆,赶时间（通勤或赶飞机）,无
485,晴天,白天,干燥,无车辆,成年人,车道中间,50米,50km/h,应急车辆,赶时间（通勤或赶飞机）,普通车辆
504,晴天,白天,干燥,无车辆,儿童,车道右侧,50米,50km/h,卡车,赶时间（通勤或赶飞机）,应急车辆
521,晴天,白天,干燥,无车辆,成年人,车道中间,50米,50km/h,应急车辆,无特殊需求,普通车辆
539,晴天,白天,干燥,无车辆,儿童,车道中间,50米,50km/h,卡车,无特殊需求,应急车辆
564,晴天,白天,干燥,无车辆,儿童,车道右侧,100米,50km/h,应急车辆,紧急（去医院）,应急车辆
607,晴天,白天,干燥,无车辆,儿童,车道中间,100米,50km/h,卡车,赶时间（通勤或赶飞机）,普通车辆
656,晴天,白天,干燥,100米,儿童,车道右侧,10米,25km/h,普通车辆,紧急（去医院）,普通车辆
689,晴天,白天,干燥,100米,成年人,车道中间,10米,25km/h,普通车辆,赶时间（通勤或赶飞机）,普通车辆
696,晴天,白天,干燥,100米,儿童,车道右侧,10米,25km/h,普通车辆,赶时间（通勤或赶飞机）,应急车辆
697,晴天,白天,干燥,100米,成年人,车道中间,10米,25km/h,应急车辆,赶时间（通勤或赶飞机）,无
719,晴天,白天,干燥,100米,儿童,车道中间,10米,25km/h,卡车,赶时间（通勤或赶飞机）,应急车辆
721,晴天,白天,干燥,100米,成年人,车道中间,10米,25km/h,普通车辆,无特殊需求,无
739,晴天,白天,干燥,100米,儿童,车道中间,10米,25km/h,应急车辆,无特殊需求,普通车辆
745,晴天,白天,干燥,100米,成年人,车道中间,10米,25km/h,卡车,无特殊需求,无
777,晴天,白天,干燥,100米,成年人,车道中间,50米,25km/h,应急车辆,紧急（去医院）,应急车辆
804,晴天,白天,干燥,100米,儿童,车道右侧,50米,25km/h,普通车辆,赶时间（通勤或赶飞机）,应急车辆
813,晴天,白天,干燥,100米,成年人,车道中间,50米,25km/h,应急车辆,赶时间（通勤或赶飞机）,应急车辆
829,晴天,白天,干燥,100米,成年人,车道中间,50米,25km/h,普通车辆,无特殊需求,无
844,晴天,白天,干燥,100米,儿童,车道右侧,50米,25km/h,应急车辆,无特殊需求,无
857,晴天,白天,干燥,100米,成年人,车道中间,50米,25km/h,卡车,无特殊需求,普通车辆
867,晴天,白天,干燥,100米,儿童,车道中间,100米,25km/h,普通车辆,紧急（去医院）,无
912,晴天,白天,干燥,100米,儿童,车道右侧,100米,25km/h,普通车辆,赶时间（通勤或赶飞机）,应急车辆
929,晴天,白天,干燥,100米,成年人,车道中间,100米,25km/h,卡车,赶时间（通勤或赶飞机）,普通车辆
937,晴天,白天,干燥,100米,成年人,车道中间,100米,25km/h,普通车辆,无特殊需求,无
961,晴天,白天,干燥,100米,成年人,车道中间,100米,25km/h,卡车,无特殊需求,无
972,晴天,白天,干燥,100米,儿童,车道右侧,100米,25km/h,卡车,无特殊需求,应急车辆
981,晴天,白天,干燥,100米,成年人,车道中间,10米,50km/h,普通车辆,紧急（去医院）,应急车辆
994,晴天,白天,干燥,100米,成年人,车道右侧,10米,50km/h,应急车辆,紧急（去医院）,应急车辆
1007,晴天,白天,干燥,100米,儿童,车道中间,10米,50km/h,卡车,紧急（去医院）,应急车辆
1028,晴天,白天,干燥,100米,儿童,车道右侧,10米,50km/h,应急车辆,赶时间（通勤或赶飞机）,普通车辆
1035,晴天,白天,干燥,100米,儿童,车道中间,10米,50km/h,卡车,赶时间（通勤或赶飞机）,无
1053,晴天,白天,干燥,100米,成年人,车道中间,10米,50km/h,普通车辆,无特殊需求,应急车辆
1078,晴天,白天,干燥,100米,成年人,车道右侧,10米,50km/h,卡车,无特殊需求,应急车辆
1088,晴天,白天,干燥,100米,儿童,车道右侧,50米,50km/h,普通车辆,紧急（去医院）,普通车辆
1098,晴天,白天,干燥,100米,成年人,车道右侧,50米,50km/h,应急车辆,紧急（去医院）,普通车辆
1148,晴天,白天,干燥,100米,儿童,车道右侧,50米,50km/h,卡车,赶时间（通勤或赶飞机）,普通车辆
1164,晴天,白天,干燥,100米,儿童,车道右侧,50米,50km/h,普通车辆,无特殊需求,应急车辆
1167,晴天,白天,干燥,100米,儿童,车道中间,50米,50km/h,应急车辆,无特殊需求,无
1183,晴天,白天,干燥,100米,儿童,车道中间,50米,50km/h,卡车,无特殊需求,普通车辆
1202,晴天,白天,干燥,100米,成年人,车道右侧,100米,50km/h,应急车辆,紧急（去医院）,无
1228,晴天,白天,干燥,100米,儿童,车道右侧,100米,50km/h,普通车辆,赶时间（通勤或赶飞机）,无
1262,晴天,白天,干燥,100米,成年人,车道右侧,100米,50km/h,普通车辆,无特殊需求,无
1273,晴天,白天,干燥,100米,成年人,车道中间,100米,50km/h,应急车辆,无特殊需求,无
1289,晴天,白天,干燥,100米,成年人,车道中间,100米,50km/h,卡车,无特殊需求,普通车辆
1291,晴天,白天,干燥,100米,儿童,车道中间,100米,50km/h,卡车,无特殊需求,普通车辆
1298,晴天,白天,干燥,50米,成年人,车道右侧,10米,25km/h,普通车辆,紧急（去医院）,无
1329,晴天,白天,干燥,50米,成年人,车道中间,10米,25km/h,卡车,紧急（去医院）,应急车辆
1338,晴天,白天,干燥,50米,成年人,车道右侧,10米,25km/h,普通车辆,赶时间（通勤或赶飞机）,普通车辆
1347,晴天,白天,干燥,50米,儿童,车道中间,10米,25km/h,应急车辆,赶时间（通勤或赶飞机）,无
1351,晴天,白天,干燥,50米,儿童,车道中间,10米,25km/h,应急车辆,赶时间（通勤或赶飞机）,普通车辆
1356,晴天,白天,干燥,50米,儿童,车道右侧,10米,25km/h,应急车辆,赶时间（通勤或赶飞机）,应急车辆
1394,晴天,白天,干燥,50米,成年人,车道右侧,10米,25km/h,卡车,无特殊需求,无
1399,晴天,白天,干燥,50米,儿童,车道中间,10米,25km/h,卡车,无特殊需求,普通车辆
1428,晴天,白天,干燥,50米,儿童,车道右侧,50米,25km/h,应急车辆,紧急（去医院）,应急车辆
1434,晴天,白天,干燥,50米,成年人,车道右侧,50米,25km/h,卡车,紧急（去医院）,普通车辆
1457,晴天,白天,干燥,50米,成年人,车道中间,50米,25km/h,应急车辆,赶时间（通勤或赶飞机）,普通车辆
1458,晴天,白天,干燥,50米,成年人,车道右侧,50米,25km/h,应急车辆,赶时间（通勤或赶飞机）,普通车辆
1476,晴天,白天,干燥,50米,儿童,车道右侧,50米,25km/h,卡车,赶时间（通勤或赶飞机）,应急车辆
1494,晴天,白天,干燥,50米,成年人,车道右侧,50米,25km/h,应急车辆,无特殊需求,普通车辆
1504,晴天,白天,干燥,50米,儿童,车道右侧,50米,25km/h,卡车,无特殊需求,无
1505,晴天,白天,干燥,50米,成年人,车道中间,50米,25km/h,卡车,无特殊需求,普通车辆
1511,晴天,白天,干燥,50米,儿童,车道中间,50米,25km/h,卡车,无特殊需求,应急车辆
1513,晴天,白天,干燥,50米,成年人,车道中间,100米,25km/h,普通车辆,紧急（去医院）,无
1523,晴天,白天,干燥,50米,儿童,车道中间,100米,25km/h,普通车辆,紧急（去医院）,应急车辆
1528,晴天,白天,干燥,50米,儿童,车道右侧,100米,25km/h,应急车辆,紧急（去医院）,无
1531,晴天,白天,干燥,50米,儿童,车道中间,100米,25km/h,应急车辆,紧急（去医院）,普通车辆
1536,晴天,白天,干燥,50米,儿童,车道右侧,100米,25km/h,应急车辆,紧急（去医院）,应急车辆
1555,晴天,白天,干燥,50米,儿童,车道中间,100米,25km/h,普通车辆,赶时间（通勤或赶飞机）,普通车辆
1573,晴天,白天,干燥,50米,成年人,车道中间,100米,25km/h,卡车,赶时间（通勤或赶飞机）,无
1581,晴天,白天,干燥,50米,成年人,车道中间,100米,25km/h,卡车,赶时间（通勤或赶飞机）,应急车辆
1600,晴天,白天,干燥,50米,儿童,车道右侧,100米,25km/h,应急车辆,无特殊需求,无
1607,晴天,白天,干燥,50米,儿童,车道中间,100米,25km/h,应急车辆,无特殊需求,应急车辆
1612,晴天,白天,干燥,50米,儿童,车道右侧,100米,25km/h,卡车,无特殊需求,无
1636,晴天,白天,干燥,50米,儿童,车道右侧,10米,50km/h,应急车辆,紧急（去医院）,无
1643,晴天,白天,干燥,50米,儿童,车道中间,10米,50km/h,应急车辆,紧急（去医院）,应急车辆
1693,晴天,白天,干燥,50米,成年人,车道中间,10米,50km/h,普通车辆,无特殊需求,无
1713,晴天,白天,干燥,50米,成年人,车道中间,10米,50km/h,应急车辆,无特殊需求,应急车辆
1714,晴天,白天,干燥,50米,成年人,车道右侧,10米,50km/h,应急车辆,无特殊需求,应急车辆
1720,晴天,白天,干燥,50米,儿童,车道右侧,10米,50km/h,卡车,无特殊需求,无
1730,晴天,白天,干燥,50米,成年人,车道右侧,50米,50km/h,普通车辆,紧急（去医院）,无
1731,晴天,白天,干燥,50米,儿童,车道中间,50米,50km/h,普通车辆,紧急（去医院）,无
1769,晴天,白天,干燥,50米,成年人,车道中间,50米,50km/h,普通车辆,赶时间（通勤或赶飞机）,普通车辆
1789,晴天,白天,干燥,50米,成年人,车道中间,50米,50km/h,卡车,赶时间（通勤或赶飞机）,无
1806,晴天,白天,干燥,50米,成年人,车道右侧,50米,50km/h,普通车辆,无特殊需求,普通车辆
1808,晴天,白天,干燥,50米,儿童,车道右侧,50米,50km/h,普通车辆,无特殊需求,普通车辆
1816,晴天,白天,干燥,50米,儿童,车道右侧,50米,50km/h,应急车辆,无特殊需求,无
1863,晴天,白天,干燥,50米,儿童,车道中间,100米,50km/h,卡车,紧急（去医院）,无
1902,晴天,白天,干燥,50米,成年人,车道右侧,100米,50km/h,卡车,赶时间（通勤或赶飞机）,普通车辆
1912,晴天,白天,干燥,50米,儿童,车道右侧,100米,50km/h,普通车辆,无特殊需求,无
1969,晴天,白天,干燥,20米,成年人,车道中间,10米,25km/h,卡车,紧急（去医院）,无
1979,晴天,白天,干燥,20米,儿童,车道中间,10米,25km/h,卡车,紧急（去医院）,应急车辆
1982,晴天,白天,干燥,20米,成年人,车道右侧,10米,25km/h,普通车辆,赶时间（通勤或赶飞机）,无
2004,晴天,白天,干燥,20米,儿童,车道右侧,10米,25km/h,应急车辆,赶时间（通勤或赶飞机）,应急车辆
2009,晴天,白天,干燥,20米,成年人,车道中间,10米,25km/h,卡车,赶时间（通勤或赶飞机）,普通车辆
2021,晴天,白天,干燥,20米,成年人,车道中间,10米,25km/h,普通车辆,无特殊需求,普通车辆
2042,晴天,白天,干燥,20米,成年人,车道右侧,10米,25km/h,卡车,无特殊需求,无
2054,晴天,白天,干燥,20米,成年人,车道右侧,50米,25km/h,普通车辆,紧急（去医院）,无
2085,晴天,白天,干燥,20米,成年人,车道中间,50米,25km/h,卡车,紧急（去医院）,应急车辆
2120,晴天,白天,干燥,20米,儿童,车道右侧,50米,25km/h,卡车,赶时间（通勤或赶飞机）,普通车辆
2128,晴天,白天,干燥,20米,儿童,车道右侧,50米,25km/h,普通车辆,无特殊需求,无
2141,晴天,白天,干燥,20米,成年人,车道中间,50米,25km/h,应急车辆,无特殊需求,普通车辆
2142,晴天,白天,干燥,20米,成年人,车道右侧,50米,25km/h,应急车辆,无特殊需求,普通车辆
2146,晴天,白天,干燥,20米,成年人,车道右侧,50米,25km/h,应急车辆,无特殊需求,应急车辆
2151,晴天,白天,干燥,20米,儿童,车道中间,50米,25km/h,卡车,无特殊需求,无
2169,晴天,白天,干燥,20米,成年人,车道中间,100米,25km/h,普通车辆,紧急（去医院）,应急车辆
2172,晴天,白天,干燥,20米,儿童,车道右侧,100米,25km/h,普通车辆,紧急（去医院）,应急车辆
2175,晴天,白天,干燥,20米,儿童,车道中间,100米,25km/h,应急车辆,紧急（去医院）,无
2196,晴天,白天,干燥,20米,儿童,车道右侧,100米,25km/h,卡车,紧急（去医院）,应急车辆
2200,晴天,白天,干燥,20米,儿童,车道右侧,100米,25km/h,普通车辆,赶时间（通勤或赶飞机）,无
2203,晴天,白天,干燥,20米,儿童,车道中间,100米,25km/h,普通车辆,赶时间（通勤或赶飞机）,普通车辆
2215,晴天,白天,干燥,20米,儿童,车道中间,100米,25km/h,应急车辆,赶时间（通勤或赶飞机）,普通车辆
2248,晴天,白天,干燥,20米,儿童,车道右侧,100米,25km/h,应急车辆,无特殊需求,无
2251,晴天,白天,干燥,20米,儿童,车道中间,100米,25km/h,应急车辆,无特殊需求,普通车辆
2268,晴天,白天,干燥,20米,儿童,车道右侧,100米,25km/h,卡车,无特殊需求,应急车辆
2278,晴天,白天,干燥,20米,成年人,车道右侧,10米,50km/h,普通车辆,紧急（去医院）,应急车辆
2301,晴天,白天,干燥,20米,成年人,车道中间,10米,50km/h,卡车,紧急（去医院）,应急车辆
2306,晴天,白天,干燥,20米,成年人,车道右侧,10米,50km/h,普通车辆,赶时间（通勤或赶飞机）,无
2309,晴天,白天,干燥,20米,成年人,车道中间,10米,50km/h,普通车辆,赶时间（通勤或赶飞机）,普通车辆
2313,晴天,白天,干燥,20米,成年人,车道中间,10米,50km/h,普通车辆,赶时间（通勤或赶飞机）,应急车辆
2316,晴天,白天,干燥,20米,儿童,车道右侧,10米,50km/h,普通车辆,赶时间（通勤或赶飞机）,应急车辆
2320,晴天,白天,干燥,20米,儿童,车道右侧,10米,50km/h,应急车辆,赶时间（通勤或赶飞机）,无
2324,晴天,白天,干燥,20米,儿童,车道右侧,10米,50km/h,应急车辆,赶时间（通勤或赶飞机）,普通车辆
2326,晴天,白天,干燥,20米,成年人,车道右侧,10米,50km/h,应急车辆,赶时间（通勤或赶飞机）,应急车辆
2327,晴天,白天,干燥,20米,儿童,车道中间,10米,50km/h,应急车辆,赶时间（通勤或赶飞机）,应急车辆
2335,晴天,白天,干燥,20米,儿童,车道中间,10米,50km/h,卡车,赶时间（通勤或赶飞机）,普通车辆
2352,晴天,白天,干燥,20米,儿童,车道右侧,10米,50km/h,普通车辆,无特殊需求,应急车辆
2389,晴天,白天,干燥,20米,成年人,车道中间,50米,50km/h,应急车辆,紧急（去医院）,无
2394,晴天,白天,干燥,20米,成年人,车道右侧,50米,50km/h,应急车辆,紧急（去医院）,普通车辆
2421,晴天,白天,干燥,20米,成年人,车道中间,50米,50km/h,普通车辆,赶时间（通勤或赶飞机）,应急车辆
2451,晴天,白天,干燥,20米,儿童,车道中间,50米,50km/h,普通车辆,无特殊需求,无
2468,晴天,白天,干燥,20米,儿童,车道右侧,50米,50km/h,应急车辆,无特殊需求,普通车辆
2484,晴天,白天,干燥,20米,儿童,车道右侧,50米,50km/h,卡车,无特殊需求,应急车辆
2504,晴天,白天,干燥,20米,儿童,车道右侧,100米,50km/h,应急车辆,紧急（去医院）,普通车辆
2506,晴天,白天,干燥,20米,成年人,车道右侧,100米,50km/h,应急车辆,紧急（去医院）,应急车辆
2519,晴天,白天,干燥,20米,儿童,车道中间,100米,50km/h,卡车,紧急（去医院）,应急车辆
2520,晴天,白天,干燥,20米,儿童,车道右侧,100米,50km/h,卡车,紧急（去医院）,应急车辆
2534,晴天,白天,干燥,20米,成年人,车道右侧,100米,50km/h,应急车辆,赶时间（通勤或赶飞机）,无
2547,晴天,白天,干燥,20米,儿童,车道中间,100米,50km/h,卡车,赶时间（通勤或赶飞机）,无
2555,晴天,白天,干燥,20米,儿童,车道中间,100米,50km/h,卡车,赶时间（通勤或赶飞机）,应急车辆
2560,晴天,白天,干燥,20米,儿童,车道右侧,100米,50km/h,普通车辆,无特殊需求,无
2572,晴天,白天,干燥,20米,儿童,车道右侧,100米,50km/h,应急车辆,无特殊需求,无
2580,晴天,白天,干燥,20米,儿童,车道右侧,100米,50km/h,应急车辆,无特殊需求,应急车辆
2584,晴天,白天,干燥,20米,儿童,车道右侧,100米,50km/h,卡车,无特殊需求,无
2603,晴天,白天,潮湿,无车辆,儿童,车道中间,10米,25km/h,普通车辆,紧急（去医院）,应急车辆
2606,晴天,白天,潮湿,无车辆,成年人,车道右侧,10米,25km/h,应急车辆,紧急（去医院）,无
2609,晴天,白天,潮湿,无车辆,成年人,车道中间,10米,25km/h,应急车辆,紧急（去医院）,普通车辆
2617,晴天,白天,潮湿,无车辆,成年人,车道中间,10米,25km/h,卡车,紧急（去医院）,无
2618,晴天,白天,潮湿,无车辆,成年人,车道右侧,10米,25km/h,卡车,紧急（去医院）,无
2622,晴天,白天,潮湿,无车辆,成年人,车道右侧,10米,25km/h,卡车,紧急（去医院）,普通车辆
2642,晴天,白天,潮湿,无车辆,成年人,车道右侧,10米,25km/h,应急车辆,赶时间（通勤或赶飞机）,无
2648,晴天,白天,潮湿,无车辆,儿童,车道右侧,10米,25km/h,应急车辆,赶时间（通勤或赶飞机）,普通车辆
2677,晴天,白天,潮湿,无车辆,成年人,车道中间,10米,25km/h,应急车辆,无特殊需求,无
2704,晴天,白天,潮湿,无车辆,儿童,车道右侧,50米,25km/h,普通车辆,紧急（去医院）,无
2711,晴天,白天,潮湿,无车辆,儿童,车道中间,50米,25km/h,普通车辆,紧急（去医院）,应急车辆
2715,晴天,白天,潮湿,无车辆,儿童,车道中间,50米,25km/h,应急车辆,紧急（去医院）,无
2726,晴天,白天,潮湿,无车辆,成年人,车道右侧,50米,25km/h,卡车,紧急（去医院）,无
2752,晴天,白天,潮湿,无车辆,儿童,车道右侧,50米,25km/h,应急车辆,赶时间（通勤或赶飞机）,无
2782,晴天,白天,潮湿,无车辆,成年人,车道右侧,50米,25km/h,普通车辆,无特殊需求,应急车辆
2790,晴天,白天,潮湿,无车辆,成年人,车道右侧,50米,25km/h,应急车辆,无特殊需求,普通车辆
2795,晴天,白天,潮湿,无车辆,儿童,车道中间,50米,25km/h,应急车辆,无特殊需求,应急车辆
2798,晴天,白天,潮湿,无车辆,成年人,车道右侧,50米,25km/h,卡车,无特殊需求,无
2827,晴天,白天,潮湿,无车辆,儿童,车道中间,100米,25km/h,应急车辆,紧急（去医院）,普通车辆
2849,晴天,白天,潮湿,无车辆,成年人,车道中间,100米,25km/h,普通车辆,赶时间（通勤或赶飞机）,普通车辆
2865,晴天,白天,潮湿,无车辆,成年人,车道中间,100米,25km/h,应急车辆,赶时间（通勤或赶飞机）,应急车辆
2880,晴天,白天,潮湿,无车辆,儿童,车道右侧,100米,25km/h,卡车,赶时间（通勤或赶飞机）,应急车辆
2886,晴天,白天,潮湿,无车辆,成年人,车道右侧,100米,25km/h,普通车辆,无特殊需求,普通车辆
2894,晴天,白天,潮湿,无车辆,成年人,车道右侧,100米,25km/h,应急车辆,无特殊需求,无
2916,晴天,白天,潮湿,无车辆,儿童,车道右侧,100米,25km/h,卡车,无特殊需求,应急车辆
2936,晴天,白天,潮湿,无车辆,儿童,车道右侧,10米,50km/h,应急车辆,紧急（去医院）,普通车辆
2989,晴天,白天,潮湿,无车辆,成年人,车道中间,10米,50km/h,普通车辆,无特殊需求,无
3012,晴天,白天,潮湿,无车辆,儿童,车道右侧,10米,50km/h,应急车辆,无特殊需求,应急车辆
3016,晴天,白天,潮湿,无车辆,儿童,车道右侧,10米,50km/h,卡车,无特殊需求,无
3019,晴天,白天,潮湿,无车辆,儿童,车道中间,10米,50km/h,卡车,无特殊需求,普通车辆
3024,晴天,白天,潮湿,无车辆,儿童,车道右侧,10米,50km/h,卡车,无特殊需求,应急车辆
3025,晴天,白天,潮湿,无车辆,成年人,车道中间,50米,50km/h,普通车辆,紧急（去医院）,无
3036,晴天,白天,潮湿,无车辆,儿童,车道右侧,50米,50km/h,普通车辆,紧急（去医院）,应急车辆
3063,晴天,白天,潮湿,无车辆,儿童,车道中间,50米,50km/h,普通车辆,赶时间（通勤或赶飞机）,无
3069,晴天,白天,潮湿,无车辆,成年人,车道中间,50米,50km/h,普通车辆,赶时间（通勤或赶飞机）,应急车辆
3101,晴天,白天,潮湿,无车辆,成年人,车道中间,50米,50km/h,普通车辆,无特殊需求,普通车辆
3114,晴天,白天,潮湿,无车辆,成年人,车道右侧,50米,50km/h,应急车辆,无特殊需求,普通车辆
3143,晴天,白天,潮湿,无车辆,儿童,车道中间,100米,50km/h,普通车辆,紧急（去医院）,应急车辆
3166,晴天,白天,潮湿,无车辆,成年人,车道右侧,100米,50km/h,卡车,紧急（去医院）,应急车辆
3170,晴天,白天,潮湿,无车辆,成年人,车道右侧,100米,50km/h,普通车辆,赶时间（通勤或赶飞机）,无
3185,晴天,白天,潮湿,无车辆,成年人,车道中间,100米,50km/h,应急车辆,赶时间（通勤或赶飞机）,普通车辆
3201,晴天,白天,潮湿,无车辆,成年人,车道中间,100米,50km/h,卡车,赶时间（通勤或赶飞机）,应急车辆
3208,晴天,白天,潮湿,无车辆,儿童,车道右侧,100米,50km/h,普通车辆,无特殊需求,无
3209,晴天,白天,潮湿,无车辆,成年人,车道中间,100米,50km/h,普通车辆,无特殊需求,普通车辆
3223,晴天,白天,潮湿,无车辆,儿童,车道中间,100米,50km/h,应急车辆,无特殊需求,普通车辆
3257,晴天,白天,潮湿,100米,成年人,车道中间,10米,25km/h,应急车辆,紧急（去医院）,普通车辆
3266,晴天,白天,潮湿,100米,成年人,车道右侧,10米,25km/h,卡车,紧急（去医院）,无
3278,晴天,白天,潮湿,100米,成年人,车道右侧,10米,25km/h,普通车辆,赶时间（通勤或赶飞机）,无
3287,晴天,白天,潮湿,100米,儿童,车道中间,10米,25km/h,普通车辆,赶时间（通勤或赶飞机）,应急车辆
3311,晴天,白天,潮湿,100米,儿童,车道中间,10米,25km/h,卡车,赶时间（通勤或赶飞机）,应急车辆
3351,晴天,白天,潮湿,100米,儿童,车道中间,50米,25km/h,普通车辆,紧急（去医院）,无
3352,晴天,白天,潮湿,100米,儿童,车道右侧,50米,25km/h,普通车辆,紧急（去医院）,无
3354,晴天,白天,潮湿,100米,成年人,车道右侧,50米,25km/h,普通车辆,紧急（去医院）,普通车辆
3355,晴天,白天,潮湿,100米,儿童,车道中间,50米,25km/h,普通车辆,紧急（去医院）,普通车辆
3377,晴天,白天,潮湿,100米,成年人,车道中间,50米,25km/h,卡车,紧急（去医院）,普通车辆
3394,晴天,白天,潮湿,100米,成年人,车道右侧,50米,25km/h,普通车辆,赶时间（通勤或赶飞机）,应急车辆
3406,晴天,白天,潮湿,100米,成年人,车道右侧,50米,25km/h,应急车辆,赶时间（通勤或赶飞机）,应急车辆
3464,晴天,白天,潮湿,100米,儿童,车道右侧,100米,25km/h,普通车辆,紧急（去医院）,普通车辆
3474,晴天,白天,潮湿,100米,成年人,车道右侧,100米,25km/h,应急车辆,紧急（去医院）,普通车辆
3483,晴天,白天,潮湿,100米,儿童,车道中间,100米,25km/h,卡车,紧急（去医院）,无
3489,晴天,白天,潮湿,100米,成年人,车道中间,100米,25km/h,卡车,紧急（去医院）,应急车辆
3499,晴天,白天,潮湿,100米,儿童,车道中间,100米,25km/h,普通车辆,赶时间（通勤或赶飞机）,普通车辆
3506,晴天,白天,潮湿,100米,成年人,车道右侧,100米,25km/h,应急车辆,赶时间（通勤或赶飞机）,无
3508,晴天,白天,潮湿,100米,儿童,车道右侧,100米,25km/h,应急车辆,赶时间（通勤或赶飞机）,无
3509,晴天,白天,潮湿,100米,成年人,车道中间,100米,25km/h,应急车辆,赶时间（通勤或赶飞机）,普通车辆
3510,晴天,白天,潮湿,100米,成年人,车道右侧,100米,25km/h,应急车辆,赶时间（通勤或赶飞机）,普通车辆
3520,晴天,白天,潮湿,100米,儿童,车道右侧,100米,25km/h,卡车,赶时间（通勤或赶飞机）,无
3523,晴天,白天,潮湿,100米,儿童,车道中间,100米,25km/h,卡车,赶时间（通勤或赶飞机）,普通车辆
3526,晴天,白天,潮湿,100米,成年人,车道右侧,100米,25km/h,卡车,赶时间（通勤或赶飞机）,应急车辆
3530,晴天,白天,潮湿,100米,成年人,车道右侧,100米,25km/h,普通车辆,无特殊需求,无
3534,晴天,白天,潮湿,100米,成年人,车道右侧,100米,25km/h,普通车辆,无特殊需求,普通车辆
3572,晴天,白天,潮湿,100米,儿童,车道右侧,10米,50km/h,普通车辆,紧急（去医院）,普通车辆
3579,晴天,白天,潮湿,100米,儿童,车道中间,10米,50km/h,应急车辆,紧急（去医院）,无
3589,晴天,白天,潮湿,100米,成年人,车道中间,10米,50km/h,卡车,紧急（去医院）,无
3610,晴天,白天,潮湿,100米,成年人,车道右侧,10米,50km/h,普通车辆,赶时间（通勤或赶飞机）,应急车辆
3617,晴天,白天,潮湿,100米,成年人,车道中间,10米,50km/h,应急车辆,赶时间（通勤或赶飞机）,普通车辆
3634,晴天,白天,潮湿,100米,成年人,车道右侧,10米,50km/h,卡车,赶时间（通勤或赶飞机）,应急车辆
3670,晴天,白天,潮湿,100米,成年人,车道右侧,10米,50km/h,卡车,无特殊需求,应急车辆
3683,晴天,白天,潮湿,100米,儿童,车道中间,50米,50km/h,普通车辆,紧急（去医院）,应急车辆
3687,晴天,白天,潮湿,100米,儿童,车道中间,50米,50km/h,应急车辆,紧急（去医院）,无
3690,晴天,白天,潮湿,100米,成年人,车道右侧,50米,50km/h,应急车辆,紧急（去医院）,普通车辆
3704,晴天,白天,潮湿,100米,儿童,车道右侧,50米,50km/h,卡车,紧急（去医院）,普通车辆
3712,晴天,白天,潮湿,100米,儿童,车道右侧,50米,50km/h,普通车辆,赶时间（通勤或赶飞机）,无
3753,晴天,白天,潮湿,100米,成年人,车道中间,50米,50km/h,普通车辆,无特殊需求,应急车辆
3770,晴天,白天,潮湿,100米,成年人,车道右侧,50米,50km/h,卡车,无特殊需求,无
3827,晴天,白天,潮湿,100米,儿童,车道中间,100米,50km/h,普通车辆,赶时间（通勤或赶飞机）,应急车辆
3837,晴天,白天,潮湿,100米,成年人,车道中间,100米,50km/h,应急车辆,赶时间（通勤或赶飞机）,应急车辆
3883,晴天,白天,潮湿,100米,儿童,车道中间,100米,50km/h,卡车,无特殊需求,普通车辆
3888,晴天,白天,潮湿,100米,儿童,车道右侧,100米,50km/h,卡车,无特殊需求,应急车辆
3965,晴天,白天,潮湿,50米,成年人,车道中间,10米,25km/h,普通车辆,无特殊需求,普通车辆
3972,晴天,白天,潮湿,50米,儿童,车道右侧,10米,25km/h,普通车辆,无特殊需求,应急车辆
3980,晴天,白天,潮湿,50米,儿童,车道右侧,10米,25km/h,应急车辆,无特殊需求,普通车辆
3994,晴天,白天,潮湿,50米,成年人,车道右侧,10米,25km/h,卡车,无特殊需求,应急车辆
4008,晴天,白天,潮湿,50米,儿童,车道右侧,50米,25km/h,普通车辆,紧急（去医院）,应急车辆
4014,晴天,白天,潮湿,50米,成年人,车道右侧,50米,25km/h,应急车辆,紧急（去医院）,普通车辆
4032,晴天,白天,潮湿,50米,儿童,车道右侧,50米,25km/h,卡车,紧急（去医院）,应急车辆
4033,晴天,白天,潮湿,50米,成年人,车道中间,50米,25km/h,普通车辆,赶时间（通勤或赶飞机）,无
4035,晴天,白天,潮湿,50米,儿童,车道中间,50米,25km/h,普通车辆,赶时间（通勤或赶飞机）,无
4047,晴天,白天,潮湿,50米,儿童,车道中间,50米,25km/h,应急车辆,赶时间（通勤或赶飞机）,无
4049,晴天,白天,潮湿,50米,成年人,车道中间,50米,25km/h,应急车辆,赶时间（通勤或赶飞机）,普通车辆
4060,晴天,白天,潮湿,50米,儿童,车道右侧,50米,25km/h,卡车,赶时间（通勤或赶飞机）,无
4069,晴天,白天,潮湿,50米,成年人,车道中间,50米,25km/h,普通车辆,无特殊需求,无
4070,晴天,白天,潮湿,50米,成年人,车道右侧,50米,25km/h,普通车辆,无特殊需求,无
4073,晴天,白天,潮湿,50米,成年人,车道中间,50米,25km/h,普通车辆,无特殊需求,普通车辆
4075,晴天,白天,潮湿,50米,儿童,车道中间,50米,25km/h,普通车辆,无特殊需求,普通车辆
4098,晴天,白天,潮湿,50米,成年人,车道右侧,50米,25km/h,卡车,无特殊需求,普通车辆
4102,晴天,白天,潮湿,50米,成年人,车道右侧,50米,25km/h,卡车,无特殊需求,应急车辆
4107,晴天,白天,潮湿,50米,儿童,车道中间,100米,25km/h,普通车辆,紧急（去医院）,无
4116,晴天,白天,潮湿,50米,儿童,车道右侧,100米,25km/h,普通车辆,紧急（去医院）,应急车辆
4141,晴天,白天,潮湿,50米,成年人,车道中间,100米,25km/h,普通车辆,赶时间（通勤或赶飞机）,无
4149,晴天,白天,潮湿,50米,成年人,车道中间,100米,25km/h,普通车辆,赶时间（通勤或赶飞机）,应急车辆
4150,晴天,白天,潮湿,50米,成年人,车道右侧,100米,25km/h,普通车辆,赶时间（通勤或赶飞机）,应急车辆
4167,晴天,白天,潮湿,50米,儿童,车道中间,100米,25km/h,卡车,赶时间（通勤或赶飞机）,无
4169,晴天,白天,潮湿,50米,成年人,车道中间,100米,25km/h,卡车,赶时间（通勤或赶飞机）,普通车辆
4190,晴天,白天,潮湿,50米,成年人,车道右侧,100米,25km/h,应急车辆,无特殊需求,无
4192,晴天,白天,潮湿,50米,儿童,车道右侧,100米,25km/h,应急车辆,无特殊需求,无
4194,晴天,白天,潮湿,50米,成年人,车道右侧,100米,25km/h,应急车辆,无特殊需求,普通车辆
4195,晴天,白天,潮湿,50米,儿童,车道中间,100米,25km/h,应急车辆,无特殊需求,普通车辆
4198,晴天,白天,潮湿,50米,成年人,车道右侧,100米,25km/h,应急车辆,无特殊需求,应急车辆
4203,晴天,白天,潮湿,50米,儿童,车道中间,100米,25km/h,卡车,无特殊需求,无
4220,晴天,白天,潮湿,50米,儿童,车道右侧,10米,50km/h,普通车辆,紧急（去医院）,普通车辆
4270,晴天,白天,潮湿,50米,成年人,车道右侧,10米,50km/h,应急车辆,赶时间（通勤或赶飞机）,应急车辆
4280,晴天,白天,潮湿,50米,儿童,车道右侧,10米,50km/h,卡车,赶时间（通勤或赶飞机）,普通车辆
4292,晴天,白天,潮湿,50米,儿童,车道右侧,10米,50km/h,普通车辆,无特殊需求,普通车辆
4323,晴天,白天,潮湿,50米,儿童,车道中间,50米,50km/h,普通车辆,紧急（去医院）,无
4339,晴天,白天,潮湿,50米,儿童,车道中间,50米,50km/h,应急车辆,紧急（去医院）,普通车辆
4376,晴天,白天,潮湿,50米,儿童,车道右侧,50米,50km/h,应急车辆,赶时间（通勤或赶飞机）,普通车辆
4388,晴天,白天,潮湿,50米,儿童,车道右侧,50米,50km/h,卡车,赶时间（通勤或赶飞机）,普通车辆
4394,晴天,白天,潮湿,50米,成年人,车道右侧,50米,50km/h,普通车辆,无特殊需求,无
4402,晴天,白天,潮湿,50米,成年人,车道右侧,50米,50km/h,普通车辆,无特殊需求,应急车辆
4411,晴天,白天,潮湿,50米,儿童,车道中间,50米,50km/h,应急车辆,无特殊需求,普通车辆
4412,晴天,白天,潮湿,50米,儿童,车道右侧,50米,50km/h,应急车辆,无特殊需求,普通车辆
4442,晴天,白天,潮湿,50米,成年人,车道右侧,100米,50km/h,应急车辆,紧急（去医院）,无
4446,晴天,白天,潮湿,50米,成年人,车道右侧,100米,50km/h,应急车辆,紧急（去医院）,普通车辆
4449,晴天,白天,潮湿,50米,成年人,车道中间,100米,50km/h,应急车辆,紧急（去医院）,应急车辆
4462,晴天,白天,潮湿,50米,成年人,车道右侧,100米,50km/h,卡车,紧急（去医院）,应急车辆
4476,晴天,白天,潮湿,50米,儿童,车道右侧,100米,50km/h,普通车辆,赶时间（通勤或赶飞机）,应急车辆
4490,晴天,白天,潮湿,50米,成年人,车道右侧,100米,50km/h,卡车,赶时间（通勤或赶飞机）,无
4497,晴天,白天,潮湿,50米,成年人,车道中间,100米,50km/h,卡车,赶时间（通勤或赶飞机）,应急车辆
4520,晴天,白天,潮湿,50米,儿童,车道右侧,100米,50km/h,应急车辆,无特殊需求,普通车辆
4526,晴天,白天,潮湿,50米,成年人,车道右侧,100米,50km/h,卡车,无特殊需求,无
4528,晴天,白天,潮湿,50米,儿童,车道右侧,100米,50km/h,卡车,无特殊需求,无
4547,晴天,白天,潮湿,20米,儿童,车道中间,10米,25km/h,普通车辆,紧急（去医院）,应急车辆
4548,晴天,白天,潮湿,20米,儿童,车道右侧,10米,25km/h,普通车辆,紧急（去医院）,应急车辆
4549,晴天,白天,潮湿,20米,成年人,车道中间,10米,25km/h,应急车辆,紧急（去医院）,无
4578,晴天,白天,潮湿,20米,成年人,车道右侧,10米,25km/h,普通车辆,赶时间（通勤或赶飞机）,普通车辆
4597,晴天,白天,潮湿,20米,成年人,车道中间,10米,25km/h,卡车,赶时间（通勤或赶飞机）,无
4610,晴天,白天,潮湿,20米,成年人,车道右侧,10米,25km/h,普通车辆,无特殊需求,无
4673,晴天,白天,潮湿,20米,成年人,车道中间,50米,25km/h,卡车,紧急（去医院）,普通车辆
4679,晴天,白天,潮湿,20米,儿童,车道中间,50米,25km/h,卡车,紧急（去医院）,应急车辆
4681,晴天,白天,潮湿,20米,成年人,车道中间,50米,25km/h,普通车辆,赶时间（通勤或赶飞机）,无
4689,晴天,白天,潮湿,20米,成年人,车道中间,50米,25km/h,普通车辆,赶时间（通勤或赶飞机）,应急车辆
4697,晴天,白天,潮湿,20米,成年人,车道中间,50米,25km/h,应急车辆,赶时间（通勤或赶飞机）,普通车辆
4721,晴天,白天,潮湿,20米,成年人,车道中间,50米,25km/h,普通车辆,无特殊需求,普通车辆
4725,晴天,白天,潮湿,20米,成年人,车道中间,50米,25km/h,普通车辆,无特殊需求,应急车辆
4731,晴天,白天,潮湿,20米,儿童,车道中间,50米,25km/h,应急车辆,无特殊需求,无
4739,晴天,白天,潮湿,20米,儿童,车道中间,50米,25km/h,应急车辆,无特殊需求,应急车辆
4743,晴天,白天,潮湿,20米,儿童,车道中间,50米,25km/h,卡车,无特殊需求,无
4745,晴天,白天,潮湿,20米,成年人,车道中间,50米,25km/h,卡车,无特殊需求,普通车辆
4752,晴天,白天,潮湿,20米,儿童,车道右侧,50米,25km/h,卡车,无特殊需求,应急车辆
4771,晴天,白天,潮湿,20米,儿童,车道中间,100米,25km/h,应急车辆,紧急（去医院）,普通车辆
4772,晴天,白天,潮湿,20米,儿童,车道右侧,100米,25km/h,应急车辆,紧急（去医院）,普通车辆
4773,晴天,白天,潮湿,20米,成年人,车道中间,100米,25km/h,应急车辆,紧急（去医院）,应急车辆
4784,晴天,白天,潮湿,20米,儿童,车道右侧,100米,25km/h,卡车,紧急（去医院）,普通车辆
4825,晴天,白天,潮湿,20米,成年人,车道中间,100米,25km/h,普通车辆,无特殊需求,无
4833,晴天,白天,潮湿,20米,成年人,车道中间,100米,25km/h,普通车辆,无特殊需求,应急车辆
4848,晴天,白天,潮湿,20米,儿童,车道右侧,100米,25km/h,应急车辆,无特殊需求,应急车辆
4849,晴天,白天,潮湿,20米,成年人,车道中间,100米,25km/h,卡车,无特殊需求,无
4875,晴天,白天,潮湿,20米,儿童,车道中间,10米,50km/h,应急车辆,紧急（去医院）,无
4878,晴天,白天,潮湿,20米,成年人,车道右侧,10米,50km/h,应急车辆,紧急（去医院）,普通车辆
4895,晴天,白天,潮湿,20米,儿童,车道中间,10米,50km/h,卡车,紧急（去医院）,应急车辆
4910,晴天,白天,潮湿,20米,成年人,车道右侧,10米,50km/h,应急车辆,赶时间（通勤或赶飞机）,无
4950,晴天,白天,潮湿,20米,成年人,车道右侧,10米,50km/h,应急车辆,无特殊需求,普通车辆
4975,晴天,白天,潮湿,20米,儿童,车道中间,50米,50km/h,普通车辆,紧急（去医院）,普通车辆
4982,晴天,白天,潮湿,20米,成年人,车道右侧,50米,50km/h,应急车辆,紧急（去医院）,无
4983,晴天,白天,潮湿,20米,儿童,车道中间,50米,50km/h,应急车辆,紧急（去医院）,无
4984,晴天,白天,潮湿,20米,儿童,车道右侧,50米,50km/h,应急车辆,紧急（去医院）,无
4986,晴天,白天,潮湿,20米,成年人,车道右侧,50米,50km/h,应急车辆,紧急（去医院）,普通车辆
5020,晴天,白天,潮湿,20米,儿童,车道右侧,50米,50km/h,应急车辆,赶时间（通勤或赶飞机）,无
5027,晴天,白天,潮湿,20米,儿童,车道中间,50米,50km/h,应急车辆,赶时间（通勤或赶飞机）,应急车辆
5043,晴天,白天,潮湿,20米,儿童,车道中间,50米,50km/h,普通车辆,无特殊需求,无
5049,晴天,白天,潮湿,20米,成年人,车道中间,50米,50km/h,普通车辆,无特殊需求,应急车辆
5072,晴天,白天,潮湿,20米,儿童,车道右侧,50米,50km/h,卡车,无特殊需求,普通车辆
5091,晴天,白天,潮湿,20米,儿童,车道中间,100米,50km/h,应急车辆,紧急（去医院）,无
5100,晴天,白天,潮湿,20米,儿童,车道右侧,100米,50km/h,应急车辆,紧急（去医院）,应急车辆
5117,晴天,白天,潮湿,20米,成年人,车道中间,100米,50km/h,普通车辆,赶时间（通勤或赶飞机）,普通车辆
5129,晴天,白天,潮湿,20米,成年人,车道中间,100米,50km/h,应急车辆,赶时间（通勤或赶飞机）,普通车辆
5145,晴天,白天,潮湿,20米,成年人,车道中间,100米,50km/h,卡车,赶时间（通勤或赶飞机）,应急车辆
5166,晴天,白天,潮湿,20米,成年人,车道右侧,100米,50km/h,应急车辆,无特殊需求,普通车辆
5169,晴天,白天,潮湿,20米,成年人,车道中间,100米,50km/h,应急车辆,无特殊需求,应急车辆
5171,晴天,白天,潮湿,20米,儿童,车道中间,100米,50km/h,应急车辆,无特殊需求,应急车辆
5183,晴天,白天,潮湿,20米,儿童,车道中间,100米,50km/h,卡车,无特殊需求,应急车辆
5196,晴天,夜晚,干燥,无车辆,儿童,车道右侧,10米,25km/h,普通车辆,紧急（去医院）,应急车辆
5199,晴天,夜晚,干燥,无车辆,儿童,车道中间,10米,25km/h,应急车辆,紧急（去医院）,无
5216,晴天,夜晚,干燥,无车辆,儿童,车道右侧,10米,25km/h,卡车,紧急（去医院）,普通车辆
5228,晴天,夜晚,干燥,无车辆,儿童,车道右侧,10米,25km/h,普通车辆,赶时间（通勤或赶飞机）,普通车辆
5231,晴天,夜晚,干燥,无车辆,儿童,车道中间,10米,25km/h,普通车辆,赶时间（通勤或赶飞机）,应急车辆
5245,晴天,夜晚,干燥,无车辆,成年人,车道中间,10米,25km/h,卡车,赶时间（通勤或赶飞机）,无
5260,晴天,夜晚,干燥,无车辆,儿童,车道右侧,10米,25km/h,普通车辆,无特殊需求,无
5294,晴天,夜晚,干燥,无车辆,成年人,车道右侧,50米,25km/h,普通车辆,紧急（去医院）,无
5306,晴天,夜晚,干燥,无车辆,成年人,车道右侧,50米,25km/h,应急车辆,紧急（去医院）,无
5333,晴天,夜晚,干燥,无车辆,成年人,车道中间,50米,25km/h,普通车辆,赶时间（通勤或赶飞机）,普通车辆
5358,晴天,夜晚,干燥,无车辆,成年人,车道右侧,50米,25km/h,卡车,赶时间（通勤或赶飞机）,普通车辆
5360,晴天,夜晚,干燥,无车辆,儿童,车道右侧,50米,25km/h,卡车,赶时间（通勤或赶飞机）,普通车辆
5364,晴天,夜晚,干燥,无车辆,儿童,车道右侧,50米,25km/h,卡车,赶时间（通勤或赶飞机）,应急车辆
5395,晴天,夜晚,干燥,无车辆,儿童,车道中间,50米,25km/h,卡车,无特殊需求,普通车辆
5413,晴天,夜晚,干燥,无车辆,成年人,车道中间,100米,25km/h,应急车辆,紧急（去医院）,无
5439,晴天,夜晚,干燥,无车辆,儿童,车道中间,100米,25km/h,普通车辆,赶时间（通勤或赶飞机）,无
5450,晴天,夜晚,干燥,无车辆,成年人,车道右侧,100米,25km/h,应急车辆,赶时间（通勤或赶飞机）,无
5467,晴天,夜晚,干燥,无车辆,儿童,车道中间,100米,25km/h,卡车,赶时间（通勤或赶飞机）,普通车辆
5503,晴天,夜晚,干燥,无车辆,儿童,车道中间,100米,25km/h,卡车,无特殊需求,普通车辆
5513,晴天,夜晚,干燥,无车辆,成年人,车道中间,10米,50km/h,普通车辆,紧急（去医院）,普通车辆
5526,晴天,夜晚,干燥,无车辆,成年人,车道右侧,10米,50km/h,应急车辆,紧急（去医院）,普通车辆
5528,晴天,夜晚,干燥,无车辆,儿童,车道右侧,10米,50km/h,应急车辆,紧急（去医院）,普通车辆
5555,晴天,夜晚,干燥,无车辆,儿童,车道中间,10米,50km/h,普通车辆,赶时间（通勤或赶飞机）,应急车辆
5573,晴天,夜晚,干燥,无车辆,成年人,车道中间,10米,50km/h,卡车,赶时间（通勤或赶飞机）,普通车辆
5577,晴天,夜晚,干燥,无车辆,成年人,车道中间,10米,50km/h,卡车,赶时间（通勤或赶飞机）,应急车辆
5599,晴天,夜晚,干燥,无车辆,儿童,车道中间,10米,50km/h,应急车辆,无特殊需求,普通车辆
5602,晴天,夜晚,干燥,无车辆,成年人,车道右侧,10米,50km/h,应急车辆,无特殊需求,应急车辆
5611,晴天,夜晚,干燥,无车辆,儿童,车道中间,10米,50km/h,卡车,无特殊需求,普通车辆
5622,晴天,夜晚,干燥,无车辆,成年人,车道右侧,50米,50km/h,普通车辆,紧急（去医院）,普通车辆
5666,晴天,夜晚,干燥,无车辆,成年人,车道右侧,50米,50km/h,应急车辆,赶时间（通勤或赶飞机）,无
5690,晴天,夜晚,干燥,无车辆,成年人,车道右侧,50米,50km/h,普通车辆,无特殊需求,无
5702,晴天,夜晚,干燥,无车辆,成年人,车道右侧,50米,50km/h,应急车辆,无特殊需求,无
5703,晴天,夜晚,干燥,无车辆,儿童,车道中间,50米,50km/h,应急车辆,无特殊需求,无
5710,晴天,夜晚,干燥,无车辆,成年人,车道右侧,50米,50km/h,应急车辆,无特殊需求,应急车辆
5717,晴天,夜晚,干燥,无车辆,成年人,车道中间,50米,50km/h,卡车,无特殊需求,普通车辆
5728,晴天,夜晚,干燥,无车辆,儿童,车道右侧,100米,50km/h,普通车辆,紧急（去医院）,无
5733,晴天,夜晚,干燥,无车辆,成年人,车道中间,100米,50km/h,普通车辆,紧急（去医院）,应急车辆
5744,晴天,夜晚,干燥,无车辆,儿童,车道右侧,100米,50km/h,应急车辆,紧急（去医院）,普通车辆
5765,晴天,夜晚,干燥,无车辆,成年人,车道中间,100米,50km/h,普通车辆,赶时间（通勤或赶飞机）,普通车辆
5815,晴天,夜晚,干燥,无车辆,儿童,车道中间,100米,50km/h,应急车辆,无特殊需求,普通车辆
5850,晴天,夜晚,干燥,100米,成年人,车道右侧,10米,25km/h,应急车辆,紧急（去医院）,普通车辆
5858,晴天,夜晚,干燥,100米,成年人,车道右侧,10米,25km/h,卡车,紧急（去医院）,无
5889,晴天,夜晚,干燥,100米,成年人,车道中间,10米,25km/h,应急车辆,赶时间（通勤或赶飞机）,应急车辆
5894,晴天,夜晚,干燥,100米,成年人,车道右侧,10米,25km/h,卡车,赶时间（通勤或赶飞机）,无
5916,晴天,夜晚,干燥,100米,儿童,车道右侧,10米,25km/h,普通车辆,无特殊需求,应急车辆
5953,晴天,夜晚,干燥,100米,成年人,车道中间,50米,25km/h,应急车辆,紧急（去医院）,无
5955,晴天,夜晚,干燥,100米,儿童,车道中间,50米,25km/h,应急车辆,紧急（去医院）,无
5971,晴天,夜晚,干燥,100米,儿童,车道中间,50米,25km/h,卡车,紧急（去医院）,普通车辆
5976,晴天,夜晚,干燥,100米,儿童,车道右侧,50米,25km/h,卡车,紧急（去医院）,应急车辆
5981,晴天,夜晚,干燥,100米,成年人,车道中间,50米,25km/h,普通车辆,赶时间（通勤或赶飞机）,普通车辆
5991,晴天,夜晚,干燥,100米,儿童,车道中间,50米,25km/h,应急车辆,赶时间（通勤或赶飞机）,无
5997,晴天,夜晚,干燥,100米,成年人,车道中间,50米,25km/h,应急车辆,赶时间（通勤或赶飞机）,应急车辆
5999,晴天,夜晚,干燥,100米,儿童,车道中间,50米,25km/h,应急车辆,赶时间（通勤或赶飞机）,应急车辆
6003,晴天,夜晚,干燥,100米,儿童,车道中间,50米,25km/h,卡车,赶时间（通勤或赶飞机）,无
6004,晴天,夜晚,干燥,100米,儿童,车道右侧,50米,25km/h,卡车,赶时间（通勤或赶飞机）,无
6024,晴天,夜晚,干燥,100米,儿童,车道右侧,50米,25km/h,普通车辆,无特殊需求,应急车辆
6025,晴天,夜晚,干燥,100米,成年人,车道中间,50米,25km/h,应急车辆,无特殊需求,无
6050,晴天,夜晚,干燥,100米,成年人,车道右侧,100米,25km/h,普通车辆,紧急（去医院）,无
6073,晴天,夜晚,干燥,100米,成年人,车道中间,100米,25km/h,卡车,紧急（去医院）,无
6075,晴天,夜晚,干燥,100米,儿童,车道中间,100米,25km/h,卡车,紧急（去医院）,无
6076,晴天,夜晚,干燥,100米,儿童,车道右侧,100米,25km/h,卡车,紧急（去医院）,无
6078,晴天,夜晚,干燥,100米,成年人,车道右侧,100米,25km/h,卡车,紧急（去医院）,普通车辆
6098,晴天,夜晚,干燥,100米,成年人,车道右侧,100米,25km/h,应急车辆,赶时间（通勤或赶飞机）,无
6101,晴天,夜晚,干燥,100米,成年人,车道中间,100米,25km/h,应急车辆,赶时间（通勤或赶飞机）,普通车辆
6109,晴天,夜晚,干燥,100米,成年人,车道中间,100米,25km/h,卡车,赶时间（通勤或赶飞机）,无
6120,晴天,夜晚,干燥,100米,儿童,车道右侧,100米,25km/h,卡车,赶时间（通勤或赶飞机）,应急车辆
6133,晴天,夜晚,干燥,100米,成年人,车道中间,100米,25km/h,应急车辆,无特殊需求,无
6134,晴天,夜晚,干燥,100米,成年人,车道右侧,100米,25km/h,应急车辆,无特殊需求,无
6138,晴天,夜晚,干燥,100米,成年人,车道右侧,100米,25km/h,应急车辆,无特殊需求,普通车辆
6139,晴天,夜晚,干燥,100米,儿童,车道中间,100米,25km/h,应急车辆,无特殊需求,普通车辆
6150,晴天,夜晚,干燥,100米,成年人,车道右侧,100米,25km/h,卡车,无特殊需求,普通车辆
6154,晴天,夜晚,干燥,100米,成年人,车道右侧,100米,25km/h,卡车,无特殊需求,应急车辆
6174,晴天,夜晚,干燥,100米,成年人,车道右侧,10米,50km/h,应急车辆,紧急（去医院）,普通车辆
6179,晴天,夜晚,干燥,100米,儿童,车道中间,10米,50km/h,应急车辆,紧急（去医院）,应急车辆
6199,晴天,夜晚,干燥,100米,儿童,车道中间,10米,50km/h,普通车辆,赶时间（通勤或赶飞机）,普通车辆
6210,晴天,夜晚,干燥,100米,成年人,车道右侧,10米,50km/h,应急车辆,赶时间（通勤或赶飞机）,普通车辆
6225,晴天,夜晚,干燥,100米,成年人,车道中间,10米,50km/h,卡车,赶时间（通勤或赶飞机）,应急车辆
6235,晴天,夜晚,干燥,100米,儿童,车道中间,10米,50km/h,普通车辆,无特殊需求,普通车辆
6238,晴天,夜晚,干燥,100米,成年人,车道右侧,10米,50km/h,普通车辆,无特殊需求,应急车辆
6240,晴天,夜晚,干燥,100米,儿童,车道右侧,10米,50km/h,普通车辆,无特殊需求,应急车辆
6243,晴天,夜晚,干燥,100米,儿童,车道中间,10米,50km/h,应急车辆,无特殊需求,无
6244,晴天,夜晚,干燥,100米,儿童,车道右侧,10米,50km/h,应急车辆,无特殊需求,无
6254,晴天,夜晚,干燥,100米,成年人,车道右侧,10米,50km/h,卡车,无特殊需求,无
6260,晴天,夜晚,干燥,100米,儿童,车道右侧,10米,50km/h,卡车,无特殊需求,普通车辆
6271,晴天,夜晚,干燥,100米,儿童,车道中间,50米,50km/h,普通车辆,紧急（去医院）,普通车辆
6286,晴天,夜晚,干燥,100米,成年人,车道右侧,50米,50km/h,应急车辆,紧急（去医院）,应急车辆
6290,晴天,夜晚,干燥,100米,成年人,车道右侧,50米,50km/h,卡车,紧急（去医院）,无
6293,晴天,夜晚,干燥,100米,成年人,车道中间,50米,50km/h,卡车,紧急（去医院）,普通车辆
6321,晴天,夜晚,干燥,100米,成年人,车道中间,50米,50km/h,应急车辆,赶时间（通勤或赶飞机）,应急车辆
6326,晴天,夜晚,干燥,100米,成年人,车道右侧,50米,50km/h,卡车,赶时间（通勤或赶飞机）,无
6333,晴天,夜晚,干燥,100米,成年人,车道中间,50米,50km/h,卡车,赶时间（通勤或赶飞机）,应急车辆
6347,晴天,夜晚,干燥,100米,儿童,车道中间,50米,50km/h,普通车辆,无特殊需求,应急车辆
6353,晴天,夜晚,干燥,100米,成年人,车道中间,50米,50km/h,应急车辆,无特殊需求,普通车辆
6358,晴天,夜晚,干燥,100米,成年人,车道右侧,50米,50km/h,应急车辆,无特殊需求,应急车辆
6367,晴天,夜晚,干燥,100米,儿童,车道中间,50米,50km/h,卡车,无特殊需求,普通车辆
6385,晴天,夜晚,干燥,100米,成年人,车道中间,100米,50km/h,应急车辆,紧急（去医院）,无
6416,晴天,夜晚,干燥,100米,儿童,车道右侧,100米,50km/h,普通车辆,赶时间（通勤或赶飞机）,普通车辆
6423,晴天,夜晚,干燥,100米,儿童,车道中间,100米,50km/h,应急车辆,赶时间（通勤或赶飞机）,无
6426,晴天,夜晚,干燥,100米,成年人,车道右侧,100米,50km/h,应急车辆,赶时间（通勤或赶飞机）,普通车辆
6439,晴天,夜晚,干燥,100米,儿童,车道中间,100米,50km/h,卡车,赶时间（通勤或赶飞机）,普通车辆
6484,晴天,夜晚,干燥,50米,儿童,车道右侧,10米,25km/h,普通车辆,紧急（去医院）,无
6492,晴天,夜晚,干燥,50米,儿童,车道右侧,10米,25km/h,普通车辆,紧急（去医院）,应急车辆
6493,晴天,夜晚,干燥,50米,成年人,车道中间,10米,25km/h,应急车辆,紧急（去医院）,无
6495,晴天,夜晚,干燥,50米,儿童,车道中间,10米,25km/h,应急车辆,紧急（去医院）,无
6507,晴天,夜晚,干燥,50米,儿童,车道中间,10米,25km/h,卡车,紧急（去医院）,无
6527,晴天,夜晚,干燥,50米,儿童,车道中间,10米,25km/h,普通车辆,赶时间（通勤或赶飞机）,应急车辆
6530,晴天,夜晚,干燥,50米,成年人,车道右侧,10米,25km/h,应急车辆,赶时间（通勤或赶飞机）,无
6533,晴天,夜晚,干燥,50米,成年人,车道中间,10米,25km/h,应急车辆,赶时间（通勤或赶飞机）,普通车辆
6536,晴天,夜晚,干燥,50米,儿童,车道右侧,10米,25km/h,应急车辆,赶时间（通勤或赶飞机）,普通车辆
6557,晴天,夜晚,干燥,50米,成年人,车道中间,10米,25km/h,普通车辆,无特殊需求,普通车辆
6614,晴天,夜晚,干燥,50米,成年人,车道右侧,50米,25km/h,卡车,紧急（去医院）,无
6632,晴天,夜晚,干燥,50米,儿童,车道右侧,50米,25km/h,普通车辆,赶时间（通勤或赶飞机）,普通车辆
6651,晴天,夜晚,干燥,50米,儿童,车道中间,50米,25km/h,卡车,赶时间（通勤或赶飞机）,无
6661,晴天,夜晚,干燥,50米,成年人,车道中间,50米,25km/h,普通车辆,无特殊需求,无
6665,晴天,夜晚,干燥,50米,成年人,车道中间,50米,25km/h,普通车辆,无特殊需求,普通车辆
6673,晴天,夜晚,干燥,50米,成年人,车道中间,50米,25km/h,应急车辆,无特殊需求,无
6688,晴天,夜晚,干燥,50米,儿童,车道右侧,50米,25km/h,卡车,无特殊需求,无
6693,晴天,夜晚,干燥,50米,成年人,车道中间,50米,25km/h,卡车,无特殊需求,应急车辆
6716,晴天,夜晚,干燥,50米,儿童,车道右侧,100米,25km/h,应急车辆,紧急（去医院）,普通车辆
6724,晴天,夜晚,干燥,50米,儿童,车道右侧,100米,25km/h,卡车,紧急（去医院）,无
6741,晴天,夜晚,干燥,50米,成年人,车道中间,100米,25km/h,普通车辆,赶时间（通勤或赶飞机）,应急车辆
6754,晴天,夜晚,干燥,50米,成年人,车道右侧,100米,25km/h,应急车辆,赶时间（通勤或赶飞机）,应急车辆
6809,晴天,夜晚,干燥,50米,成年人,车道中间,10米,50km/h,普通车辆,紧急（去医院）,普通车辆
6818,晴天,夜晚,干燥,50米,成年人,车道右侧,10米,50km/h,应急车辆,紧急（去医院）,无
6843,晴天,夜晚,干燥,50米,儿童,车道中间,10米,50km/h,普通车辆,赶时间（通勤或赶飞机）,无
6845,晴天,夜晚,干燥,50米,成年人,车道中间,10米,50km/h,普通车辆,赶时间（通勤或赶飞机）,普通车辆
6847,晴天,夜晚,干燥,50米,儿童,车道中间,10米,50km/h,普通车辆,赶时间（通勤或赶飞机）,普通车辆
6880,晴天,夜晚,干燥,50米,儿童,车道右侧,10米,50km/h,普通车辆,无特殊需求,无
6888,晴天,夜晚,干燥,50米,儿童,车道右侧,10米,50km/h,普通车辆,无特殊需求,应急车辆
6904,晴天,夜晚,干燥,50米,儿童,车道右侧,10米,50km/h,卡车,无特殊需求,无
6915,晴天,夜晚,干燥,50米,儿童,车道中间,50米,50km/h,普通车辆,紧急（去医院）,无
6921,晴天,夜晚,干燥,50米,成年人,车道中间,50米,50km/h,普通车辆,紧急（去医院）,应急车辆
6952,晴天,夜晚,干燥,50米,儿童,车道右侧,50米,50km/h,普通车辆,赶时间（通勤或赶飞机）,无
7027,晴天,夜晚,干燥,50米,儿童,车道中间,100米,50km/h,普通车辆,紧急（去医院）,普通车辆
7039,晴天,夜晚,干燥,50米,儿童,车道中间,100米,50km/h,应急车辆,紧急（去医院）,普通车辆
7041,晴天,夜晚,干燥,50米,成年人,车道中间,100米,50km/h,应急车辆,紧急（去医院）,应急车辆
7069,晴天,夜晚,干燥,50米,成年人,车道中间,100米,50km/h,应急车辆,赶时间（通勤或赶飞机）,无
7086,晴天,夜晚,干燥,50米,成年人,车道右侧,100米,50km/h,卡车,赶时间（通勤或赶飞机）,普通车辆
7158,晴天,夜晚,干燥,20米,成年人,车道右侧,10米,25km/h,卡车,紧急（去医院）,普通车辆
7164,晴天,夜晚,干燥,20米,儿童,车道右侧,10米,25km/h,卡车,紧急（去医院）,应急车辆
7168,晴天,夜晚,干燥,20米,儿童,车道右侧,10米,25km/h,普通车辆,赶时间（通勤或赶飞机）,无
7176,晴天,夜晚,干燥,20米,儿童,车道右侧,10米,25km/h,普通车辆,赶时间（通勤或赶飞机）,应急车辆
7182,晴天,夜晚,干燥,20米,成年人,车道右侧,10米,25km/h,应急车辆,赶时间（通勤或赶飞机）,普通车辆
7192,晴天,夜晚,干燥,20米,儿童,车道右侧,10米,25km/h,卡车,赶时间（通勤或赶飞机）,无
7199,晴天,夜晚,干燥,20米,儿童,车道中间,10米,25km/h,卡车,赶时间（通勤或赶飞机）,应急车辆
7201,晴天,夜晚,干燥,20米,成年人,车道中间,10米,25km/h,普通车辆,无特殊需求,无
7202,晴天,夜晚,干燥,20米,成年人,车道右侧,10米,25km/h,普通车辆,无特殊需求,无
7204,晴天,夜晚,干燥,20米,儿童,车道右侧,10米,25km/h,普通车辆,无特殊需求,无
7251,晴天,夜晚,干燥,20米,儿童,车道中间,50米,25km/h,应急车辆,紧急（去医院）,无
7294,晴天,夜晚,干燥,20米,成年人,车道右侧,50米,25km/h,应急车辆,赶时间（通勤或赶飞机）,应急车辆
7301,晴天,夜晚,干燥,20米,成年人,车道中间,50米,25km/h,卡车,赶时间（通勤或赶飞机）,普通车辆
7306,晴天,夜晚,干燥,20米,成年人,车道右侧,50米,25km/h,卡车,赶时间（通勤或赶飞机）,应急车辆
7307,晴天,夜晚,干燥,20米,儿童,车道中间,50米,25km/h,卡车,赶时间（通勤或赶飞机）,应急车辆
7308,晴天,夜晚,干燥,20米,儿童,车道右侧,50米,25km/h,卡车,赶时间（通勤或赶飞机）,应急车辆
7318,晴天,夜晚,干燥,20米,成年人,车道右侧,50米,25km/h,普通车辆,无特殊需求,应急车辆
7334,晴天,夜晚,干燥,20米,成年人,车道右侧,50米,25km/h,卡车,无特殊需求,无
7336,晴天,夜晚,干燥,20米,儿童,车道右侧,50米,25km/h,卡车,无特殊需求,无
7337,晴天,夜晚,干燥,20米,成年人,车道中间,50米,25km/h,卡车,无特殊需求,普通车辆
7338,晴天,夜晚,干燥,20米,成年人,车道右侧,50米,25km/h,卡车,无特殊需求,普通车辆
7364,晴天,夜晚,干燥,20米,儿童,车道右侧,100米,25km/h,应急车辆,紧急（去医院）,普通车辆
7366,晴天,夜晚,干燥,20米,成年人,车道右侧,100米,25km/h,应急车辆,紧急（去医院）,应急车辆
7370,晴天,夜晚,干燥,20米,成年人,车道右侧,100米,25km/h,卡车,紧急（去医院）,无
7376,晴天,夜晚,干燥,20米,儿童,车道右侧,100米,25km/h,卡车,紧急（去医院）,普通车辆
7410,晴天,夜晚,干燥,20米,成年人,车道右侧,100米,25km/h,卡车,赶时间（通勤或赶飞机）,普通车辆
7412,晴天,夜晚,干燥,20米,儿童,车道右侧,100米,25km/h,卡车,赶时间（通勤或赶飞机）,普通车辆
7429,晴天,夜晚,干燥,20米,成年人,车道中间,100米,25km/h,应急车辆,无特殊需求,无
7432,晴天,夜晚,干燥,20米,儿童,车道右侧,100米,25km/h,应急车辆,无特殊需求,无
7439,晴天,夜晚,干燥,20米,儿童,车道中间,100米,25km/h,应急车辆,无特殊需求,应急车辆
7463,晴天,夜晚,干燥,20米,儿童,车道中间,10米,50km/h,普通车辆,紧急（去医院）,应急车辆
7469,晴天,夜晚,干燥,20米,成年人,车道中间,10米,50km/h,应急车辆,紧急（去医院）,普通车辆
7477,晴天,夜晚,干燥,20米,成年人,车道中间,10米,50km/h,卡车,紧急（去医院）,无
7511,晴天,夜晚,干燥,20米,儿童,车道中间,10米,50km/h,应急车辆,赶时间（通勤或赶飞机）,应急车辆
7512,晴天,夜晚,干燥,20米,儿童,车道右侧,10米,50km/h,应急车辆,赶时间（通勤或赶飞机）,应急车辆
7514,晴天,夜晚,干燥,20米,成年人,车道右侧,10米,50km/h,卡车,赶时间（通勤或赶飞机）,无
7516,晴天,夜晚,干燥,20米,儿童,车道右侧,10米,50km/h,卡车,赶时间（通勤或赶飞机）,无
7525,晴天,夜晚,干燥,20米,成年人,车道中间,10米,50km/h,普通车辆,无特殊需求,无
7531,晴天,夜晚,干燥,20米,儿童,车道中间,10米,50km/h,普通车辆,无特殊需求,普通车辆
7537,晴天,夜晚,干燥,20米,成年人,车道中间,10米,50km/h,应急车辆,无特殊需求,无
7538,晴天,夜晚,干燥,20米,成年人,车道右侧,10米,50km/h,应急车辆,无特殊需求,无
7590,晴天,夜晚,干燥,20米,成年人,车道右侧,50米,50km/h,卡车,紧急（去医院）,普通车辆
7627,晴天,夜晚,干燥,20米,儿童,车道中间,50米,50km/h,卡车,赶时间（通勤或赶飞机）,普通车辆
7628,晴天,夜晚,干燥,20米,儿童,车道右侧,50米,50km/h,卡车,赶时间（通勤或赶飞机）,普通车辆
7649,晴天,夜晚,干燥,20米,成年人,车道中间,50米,50km/h,应急车辆,无特殊需求,普通车辆
7668,晴天,夜晚,干燥,20米,儿童,车道右侧,50米,50km/h,卡车,无特殊需求,应急车辆
7669,晴天,夜晚,干燥,20米,成年人,车道中间,100米,50km/h,普通车辆,紧急（去医院）,无
7672,晴天,夜晚,干燥,20米,儿童,车道右侧,100米,50km/h,普通车辆,紧急（去医院）,无
7683,晴天,夜晚,干燥,20米,儿童,车道中间,100米,50km/h,应急车辆,紧急（去医院）,无
7684,晴天,夜晚,干燥,20米,儿童,车道右侧,100米,50km/h,应急车辆,紧急（去医院）,无
7699,晴天,夜晚,干燥,20米,儿童,车道中间,100米,50km/h,卡车,紧急（去医院）,普通车辆
7713,晴天,夜晚,干燥,20米,成年人,车道中间,100米,50km/h,普通车辆,赶时间（通勤或赶飞机）,应急车辆
7718,晴天,夜晚,干燥,20米,成年人,车道右侧,100米,50km/h,应急车辆,赶时间（通勤或赶飞机）,无
7724,晴天,夜晚,干燥,20米,儿童,车道右侧,100米,50km/h,应急车辆,赶时间（通勤或赶飞机）,普通车辆
7726,晴天,夜晚,干燥,20米,成年人,车道右侧,100米,50km/h,应急车辆,赶时间（通勤或赶飞机）,应急车辆
7727,晴天,夜晚,干燥,20米,儿童,车道中间,100米,50km/h,应急车辆,赶时间（通勤或赶飞机）,应急车辆
7732,晴天,夜晚,干燥,20米,儿童,车道右侧,100米,50km/h,卡车,赶时间（通勤或赶飞机）,无
7733,晴天,夜晚,干燥,20米,成年人,车道中间,100米,50km/h,卡车,赶时间（通勤或赶飞机）,普通车辆
7745,晴天,夜晚,干燥,20米,成年人,车道中间,100米,50km/h,普通车辆,无特殊需求,普通车辆
7746,晴天,夜晚,干燥,20米,成年人,车道右侧,100米,50km/h,普通车辆,无特殊需求,普通车辆
7753,晴天,夜晚,干燥,20米,成年人,车道中间,100米,50km/h,应急车辆,无特殊需求,无
7758,晴天,夜晚,干燥,20米,成年人,车道右侧,100米,50km/h,应急车辆,无特殊需求,普通车辆
7772,晴天,夜晚,干燥,20米,儿童,车道右侧,100米,50km/h,卡车,无特殊需求,普通车辆
7783,晴天,夜晚,潮湿,无车辆,儿童,车道中间,10米,25km/h,普通车辆,紧急（去医院）,普通车辆
7785,晴天,夜晚,潮湿,无车辆,成年人,车道中间,10米,25km/h,普通车辆,紧急（去医院）,应急车辆
7790,晴天,夜晚,潮湿,无车辆,成年人,车道右侧,10米,25km/h,应急车辆,紧急（去医院）,无
7794,晴天,夜晚,潮湿,无车辆,成年人,车道右侧,10米,25km/h,应急车辆,紧急（去医院）,普通车辆
7801,晴天,夜晚,潮湿,无车辆,成年人,车道中间,10米,25km/h,卡车,紧急（去医院）,无
7809,晴天,夜晚,潮湿,无车辆,成年人,车道中间,10米,25km/h,卡车,紧急（去医院）,应急车辆
7822,晴天,夜晚,潮湿,无车辆,成年人,车道右侧,10米,25km/h,普通车辆,赶时间（通勤或赶飞机）,应急车辆
7835,晴天,夜晚,潮湿,无车辆,儿童,车道中间,10米,25km/h,应急车辆,赶时间（通勤或赶飞机）,应急车辆
7884,晴天,夜晚,潮湿,无车辆,儿童,车道右侧,10米,25km/h,卡车,无特殊需求,应急车辆
7886,晴天,夜晚,潮湿,无车辆,成年人,车道右侧,50米,25km/h,普通车辆,紧急（去医院）,无
7890,晴天,夜晚,潮湿,无车辆,成年人,车道右侧,50米,25km/h,普通车辆,紧急（去医院）,普通车辆
7900,晴天,夜晚,潮湿,无车辆,儿童,车道右侧,50米,25km/h,应急车辆,紧急（去医院）,无
7914,晴天,夜晚,潮湿,无车辆,成年人,车道右侧,50米,25km/h,卡车,紧急（去医院）,普通车辆
7937,晴天,夜晚,潮湿,无车辆,成年人,车道中间,50米,25km/h,应急车辆,赶时间（通勤或赶飞机）,普通车辆
7956,晴天,夜晚,潮湿,无车辆,儿童,车道右侧,50米,25km/h,卡车,赶时间（通勤或赶飞机）,应急车辆
7959,晴天,夜晚,潮湿,无车辆,儿童,车道中间,50米,25km/h,普通车辆,无特殊需求,无
7976,晴天,夜晚,潮湿,无车辆,儿童,车道右侧,50米,25km/h,应急车辆,无特殊需求,普通车辆
8031,晴天,夜晚,潮湿,无车辆,儿童,车道中间,100米,25km/h,普通车辆,赶时间（通勤或赶飞机）,无
8038,晴天,夜晚,潮湿,无车辆,成年人,车道右侧,100米,25km/h,普通车辆,赶时间（通勤或赶飞机）,应急车辆
8046,晴天,夜晚,潮湿,无车辆,成年人,车道右侧,100米,25km/h,应急车辆,赶时间（通勤或赶飞机）,普通车辆
8064,晴天,夜晚,潮湿,无车辆,儿童,车道右侧,100米,25km/h,卡车,赶时间（通勤或赶飞机）,应急车辆
8110,晴天,夜晚,潮湿,无车辆,成年人,车道右侧,10米,50km/h,普通车辆,紧急（去医院）,应急车辆
8122,晴天,夜晚,潮湿,无车辆,成年人,车道右侧,10米,50km/h,应急车辆,紧急（去医院）,应急车辆
8138,晴天,夜晚,潮湿,无车辆,成年人,车道右侧,10米,50km/h,普通车辆,赶时间（通勤或赶飞机）,无
8144,晴天,夜晚,潮湿,无车辆,儿童,车道右侧,10米,50km/h,普通车辆,赶时间（通勤或赶飞机）,普通车辆
8150,晴天,夜晚,潮湿,无车辆,成年人,车道右侧,10米,50km/h,应急车辆,赶时间（通勤或赶飞机）,无
8159,晴天,夜晚,潮湿,无车辆,儿童,车道中间,10米,50km/h,应急车辆,赶时间（通勤或赶飞机）,应急车辆
8162,晴天,夜晚,潮湿,无车辆,成年人,车道右侧,10米,50km/h,卡车,赶时间（通勤或赶飞机）,无
8165,晴天,夜晚,潮湿,无车辆,成年人,车道中间,10米,50km/h,卡车,赶时间（通勤或赶飞机）,普通车辆
8166,晴天,夜晚,潮湿,无车辆,成年人,车道右侧,10米,50km/h,卡车,赶时间（通勤或赶飞机）,普通车辆
8171,晴天,夜晚,潮湿,无车辆,儿童,车道中间,10米,50km/h,卡车,赶时间（通勤或赶飞机）,应急车辆
8172,晴天,夜晚,潮湿,无车辆,儿童,车道右侧,10米,50km/h,卡车,赶时间（通勤或赶飞机）,应急车辆
8192,晴天,夜晚,潮湿,无车辆,儿童,车道右侧,10米,50km/h,应急车辆,无特殊需求,普通车辆
8215,晴天,夜晚,潮湿,无车辆,儿童,车道中间,50米,50km/h,普通车辆,紧急（去医院）,普通车辆
8226,晴天,夜晚,潮湿,无车辆,成年人,车道右侧,50米,50km/h,应急车辆,紧急（去医院）,普通车辆
8230,晴天,夜晚,潮湿,无车辆,成年人,车道右侧,50米,50km/h,应急车辆,紧急（去医院）,应急车辆
8249,晴天,夜晚,潮湿,无车辆,成年人,车道中间,50米,50km/h,普通车辆,赶时间（通勤或赶飞机）,普通车辆
8256,晴天,夜晚,潮湿,无车辆,儿童,车道右侧,50米,50km/h,普通车辆,赶时间（通勤或赶飞机）,应急车辆
8289,晴天,夜晚,潮湿,无车辆,成年人,车道中间,50米,50km/h,普通车辆,无特殊需求,应急车辆
8310,晴天,夜晚,潮湿,无车辆,成年人,车道右侧,50米,50km/h,卡车,无特殊需求,普通车辆
8342,晴天,夜晚,潮湿,无车辆,成年人,车道右侧,100米,50km/h,卡车,紧急（去医院）,无
8356,晴天,夜晚,潮湿,无车辆,儿童,车道右侧,100米,50km/h,普通车辆,赶时间（通勤或赶飞机）,无
8366,晴天,夜晚,潮湿,无车辆,成年人,车道右侧,100米,50km/h,应急车辆,赶时间（通勤或赶飞机）,无
8374,晴天,夜晚,潮湿,无车辆,成年人,车道右侧,100米,50km/h,应急车辆,赶时间（通勤或赶飞机）,应急车辆
8381,晴天,夜晚,潮湿,无车辆,成年人,车道中间,100米,50km/h,卡车,赶时间（通勤或赶飞机）,普通车辆
8391,晴天,夜晚,潮湿,无车辆,儿童,车道中间,100米,50km/h,普通车辆,无特殊需求,无
8422,晴天,夜晚,潮湿,无车辆,成年人,车道右侧,100米,50km/h,卡车,无特殊需求,应急车辆
8424,晴天,夜晚,潮湿,无车辆,儿童,车道右侧,100米,50km/h,卡车,无特殊需求,应急车辆
8454,晴天,夜晚,潮湿,100米,成年人,车道右侧,10米,25km/h,卡车,紧急（去医院）,普通车辆
8471,晴天,夜晚,潮湿,100米,儿童,车道中间,10米,25km/h,普通车辆,赶时间（通勤或赶飞机）,应急车辆
8488,晴天,夜晚,潮湿,100米,儿童,车道右侧,10米,25km/h,卡车,赶时间（通勤或赶飞机）,无
8493,晴天,夜晚,潮湿,100米,成年人,车道中间,10米,25km/h,卡车,赶时间（通勤或赶飞机）,应急车辆
8538,晴天,夜晚,潮湿,100米,成年人,车道右侧,50米,25km/h,普通车辆,紧急（去医院）,普通车辆
8539,晴天,夜晚,潮湿,100米,儿童,车道中间,50米,25km/h,普通车辆,紧急（去医院）,普通车辆
8569,晴天,夜晚,潮湿,100米,成年人,车道中间,50米,25km/h,普通车辆,赶时间（通勤或赶飞机）,无
8587,晴天,夜晚,潮湿,100米,儿童,车道中间,50米,25km/h,应急车辆,赶时间（通勤或赶飞机）,普通车辆
8611,晴天,夜晚,潮湿,100米,儿童,车道中间,50米,25km/h,普通车辆,无特殊需求,普通车辆
8615,晴天,夜晚,潮湿,100米,儿童,车道中间,50米,25km/h,普通车辆,无特殊需求,应急车辆
8616,晴天,夜晚,潮湿,100米,儿童,车道右侧,50米,25km/h,普通车辆,无特殊需求,应急车辆
8640,晴天,夜晚,潮湿,100米,儿童,车道右侧,50米,25km/h,卡车,无特殊需求,应急车辆
8655,晴天,夜晚,潮湿,100米,儿童,车道中间,100米,25km/h,应急车辆,紧急（去医院）,无
8671,晴天,夜晚,潮湿,100米,儿童,车道中间,100米,25km/h,卡车,紧急（去医院）,普通车辆
8689,晴天,夜晚,潮湿,100米,成年人,车道中间,100米,25km/h,应急车辆,赶时间（通勤或赶飞机）,无
8699,晴天,夜晚,潮湿,100米,儿童,车道中间,100米,25km/h,应急车辆,赶时间（通勤或赶飞机）,应急车辆
8726,晴天,夜晚,潮湿,100米,成年人,车道右侧,100米,25km/h,应急车辆,无特殊需求,无
8740,晴天,夜晚,潮湿,100米,儿童,车道右侧,100米,25km/h,卡车,无特殊需求,无
8764,晴天,夜晚,潮湿,100米,儿童,车道右侧,10米,50km/h,应急车辆,紧急（去医院）,无
8802,晴天,夜晚,潮湿,100米,成年人,车道右侧,10米,50km/h,应急车辆,赶时间（通勤或赶飞机）,普通车辆
8815,晴天,夜晚,潮湿,100米,儿童,车道中间,10米,50km/h,卡车,赶时间（通勤或赶飞机）,普通车辆
8817,晴天,夜晚,潮湿,100米,成年人,车道中间,10米,50km/h,卡车,赶时间（通勤或赶飞机）,应急车辆
8820,晴天,夜晚,潮湿,100米,儿童,车道右侧,10米,50km/h,卡车,赶时间（通勤或赶飞机）,应急车辆
8825,晴天,夜晚,潮湿,100米,成年人,车道中间,10米,50km/h,普通车辆,无特殊需求,普通车辆
8830,晴天,夜晚,潮湿,100米,成年人,车道右侧,10米,50km/h,普通车辆,无特殊需求,应急车辆
8879,晴天,夜晚,潮湿,100米,儿童,车道中间,50米,50km/h,应急车辆,紧急（去医院）,应急车辆
8883,晴天,夜晚,潮湿,100米,儿童,车道中间,50米,50km/h,卡车,紧急（去医院）,无
8884,晴天,夜晚,潮湿,100米,儿童,车道右侧,50米,50km/h,卡车,紧急（去医院）,无
8888,晴天,夜晚,潮湿,100米,儿童,车道右侧,50米,50km/h,卡车,紧急（去医院）,普通车辆
8915,晴天,夜晚,潮湿,100米,儿童,车道中间,50米,50km/h,应急车辆,赶时间（通勤或赶飞机）,应急车辆
8938,晴天,夜晚,潮湿,100米,成年人,车道右侧,50米,50km/h,普通车辆,无特殊需求,应急车辆
8942,晴天,夜晚,潮湿,100米,成年人,车道右侧,50米,50km/h,应急车辆,无特殊需求,无
8958,晴天,夜晚,潮湿,100米,成年人,车道右侧,50米,50km/h,卡车,无特殊需求,普通车辆
8974,晴天,夜晚,潮湿,100米,成年人,车道右侧,100米,50km/h,普通车辆,紧急（去医院）,应急车辆
8982,晴天,夜晚,潮湿,100米,成年人,车道右侧,100米,50km/h,应急车辆,紧急（去医院）,普通车辆
9015,晴天,夜晚,潮湿,100米,儿童,车道中间,100米,50km/h,应急车辆,赶时间（通勤或赶飞机）,无
9016,晴天,夜晚,潮湿,100米,儿童,车道右侧,100米,50km/h,应急车辆,赶时间（通勤或赶飞机）,无
9021,晴天,夜晚,潮湿,100米,成年人,车道中间,100米,50km/h,应急车辆,赶时间（通勤或赶飞机）,应急车辆
9048,晴天,夜晚,潮湿,100米,儿童,车道右侧,100米,50km/h,普通车辆,无特殊需求,应急车辆
9051,晴天,夜晚,潮湿,100米,儿童,车道中间,100米,50km/h,应急车辆,无特殊需求,无
9093,晴天,夜晚,潮湿,50米,成年人,车道中间,10米,25km/h,应急车辆,紧急（去医院）,应急车辆
9099,晴天,夜晚,潮湿,50米,儿童,车道中间,10米,25km/h,卡车,紧急（去医院）,无
9110,晴天,夜晚,潮湿,50米,成年人,车道右侧,10米,25km/h,普通车辆,赶时间（通勤或赶飞机）,无
9115,晴天,夜晚,潮湿,50米,儿童,车道中间,10米,25km/h,普通车辆,赶时间（通勤或赶飞机）,普通车辆
9130,晴天,夜晚,潮湿,50米,成年人,车道右侧,10米,25km/h,应急车辆,赶时间（通勤或赶飞机）,应急车辆
9144,晴天,夜晚,潮湿,50米,儿童,车道右侧,10米,25km/h,卡车,赶时间（通勤或赶飞机）,应急车辆
9151,晴天,夜晚,潮湿,50米,儿童,车道中间,10米,25km/h,普通车辆,无特殊需求,普通车辆
9162,晴天,夜晚,潮湿,50米,成年人,车道右侧,10米,25km/h,应急车辆,无特殊需求,普通车辆
9164,晴天,夜晚,潮湿,50米,儿童,车道右侧,10米,25km/h,应急车辆,无特殊需求,普通车辆
9186,晴天,夜晚,潮湿,50米,成年人,车道右侧,50米,25km/h,普通车辆,紧急（去医院）,普通车辆
9195,晴天,夜晚,潮湿,50米,儿童,车道中间,50米,25km/h,应急车辆,紧急（去医院）,无
9199,晴天,夜晚,潮湿,50米,儿童,车道中间,50米,25km/h,应急车辆,紧急（去医院）,普通车辆
9238,晴天,夜晚,潮湿,50米,成年人,车道右侧,50米,25km/h,应急车辆,赶时间（通勤或赶飞机）,应急车辆
9252,晴天,夜晚,潮湿,50米,儿童,车道右侧,50米,25km/h,卡车,赶时间（通勤或赶飞机）,应急车辆
9264,晴天,夜晚,潮湿,50米,儿童,车道右侧,50米,25km/h,普通车辆,无特殊需求,应急车辆
9274,晴天,夜晚,潮湿,50米,成年人,车道右侧,50米,25km/h,应急车辆,无特殊需求,应急车辆
9279,晴天,夜晚,潮湿,50米,儿童,车道中间,50米,25km/h,卡车,无特殊需求,无
9296,晴天,夜晚,潮湿,50米,儿童,车道右侧,100米,25km/h,普通车辆,紧急（去医院）,普通车辆
9301,晴天,夜晚,潮湿,50米,成年人,车道中间,100米,25km/h,应急车辆,紧急（去医院）,无
9316,晴天,夜晚,潮湿,50米,儿童,车道右侧,100米,25km/h,卡车,紧急（去医院）,无
9327,晴天,夜晚,潮湿,50米,儿童,车道中间,100米,25km/h,普通车辆,赶时间（通勤或赶飞机）,无
9332,晴天,夜晚,潮湿,50米,儿童,车道右侧,100米,25km/h,普通车辆,赶时间（通勤或赶飞机）,普通车辆
9333,晴天,夜晚,潮湿,50米,成年人,车道中间,100米,25km/h,普通车辆,赶时间（通勤或赶飞机）,应急车辆
9368,晴天,夜晚,潮湿,50米,儿童,车道右侧,100米,25km/h,普通车辆,无特殊需求,普通车辆
9388,晴天,夜晚,潮湿,50米,儿童,车道右侧,100米,25km/h,卡车,无特殊需求,无
9393,晴天,夜晚,潮湿,50米,成年人,车道中间,100米,25km/h,卡车,无特殊需求,应急车辆
9403,晴天,夜晚,潮湿,50米,儿童,车道中间,10米,50km/h,普通车辆,紧急（去医院）,普通车辆
9407,晴天,夜晚,潮湿,50米,儿童,车道中间,10米,50km/h,普通车辆,紧急（去医院）,应急车辆
9420,晴天,夜晚,潮湿,50米,儿童,车道右侧,10米,50km/h,应急车辆,紧急（去医院）,应急车辆
9427,晴天,夜晚,潮湿,50米,儿童,车道中间,10米,50km/h,卡车,紧急（去医院）,普通车辆
9441,晴天,夜晚,潮湿,50米,成年人,车道中间,10米,50km/h,普通车辆,赶时间（通勤或赶飞机）,应急车辆
9444,晴天,夜晚,潮湿,50米,儿童,车道右侧,10米,50km/h,普通车辆,赶时间（通勤或赶飞机）,应急车辆
9452,晴天,夜晚,潮湿,50米,儿童,车道右侧,10米,50km/h,应急车辆,赶时间（通勤或赶飞机）,普通车辆
9470,晴天,夜晚,潮湿,50米,成年人,车道右侧,10米,50km/h,普通车辆,无特殊需求,无
9499,晴天,夜晚,潮湿,50米,儿童,车道中间,10米,50km/h,卡车,无特殊需求,普通车辆
9503,晴天,夜晚,潮湿,50米,儿童,车道中间,10米,50km/h,卡车,无特殊需求,应急车辆
9543,晴天,夜晚,潮湿,50米,儿童,车道中间,50米,50km/h,普通车辆,赶时间（通勤或赶飞机）,无
9561,晴天,夜晚,潮湿,50米,成年人,车道中间,50米,50km/h,应急车辆,赶时间（通勤或赶飞机）,应急车辆
9562,晴天,夜晚,潮湿,50米,成年人,车道右侧,50米,50km/h,应急车辆,赶时间（通勤或赶飞机）,应急车辆
9564,晴天,夜晚,潮湿,50米,儿童,车道右侧,50米,50km/h,应急车辆,赶时间（通勤或赶飞机）,应急车辆
9568,晴天,夜晚,潮湿,50米,儿童,车道右侧,50米,50km/h,卡车,赶时间（通勤或赶飞机）,无
9593,晴天,夜晚,潮湿,50米,成年人,车道中间,50米,50km/h,应急车辆,无特殊需求,普通车辆
9611,晴天,夜晚,潮湿,50米,儿童,车道中间,50米,50km/h,卡车,无特殊需求,应急车辆
9631,晴天,夜晚,潮湿,50米,儿童,车道中间,100米,50km/h,应急车辆,紧急（去医院）,普通车辆
9647,晴天,夜晚,潮湿,50米,儿童,车道中间,100米,50km/h,卡车,紧急（去医院）,应急车辆
9676,晴天,夜晚,潮湿,50米,儿童,车道右侧,100米,50km/h,卡车,赶时间（通勤或赶飞机）,无
9682,晴天,夜晚,潮湿,50米,成年人,车道右侧,100米,50km/h,卡车,赶时间（通勤或赶飞机）,应急车辆
9683,晴天,夜晚,潮湿,50米,儿童,车道中间,100米,50km/h,卡车,赶时间（通勤或赶飞机）,应急车辆
9686,晴天,夜晚,潮湿,50米,成年人,车道右侧,100米,50km/h,普通车辆,无特殊需求,无
9702,晴天,夜晚,潮湿,50米,成年人,车道右侧,100米,50km/h,应急车辆,无特殊需求,普通车辆
9709,晴天,夜晚,潮湿,50米,成年人,车道中间,100米,50km/h,卡车,无特殊需求,无
9752,晴天,夜晚,潮湿,20米,儿童,车道右侧,10米,25km/h,卡车,紧急（去医院）,普通车辆
9761,晴天,夜晚,潮湿,20米,成年人,车道中间,10米,25km/h,普通车辆,赶时间（通勤或赶飞机）,普通车辆
9774,晴天,夜晚,潮湿,20米,成年人,车道右侧,10米,25km/h,应急车辆,赶时间（通勤或赶飞机）,普通车辆
9779,晴天,夜晚,潮湿,20米,儿童,车道中间,10米,25km/h,应急车辆,赶时间（通勤或赶飞机）,应急车辆
9786,晴天,夜晚,潮湿,20米,成年人,车道右侧,10米,25km/h,卡车,赶时间（通勤或赶飞机）,普通车辆
9812,晴天,夜晚,潮湿,20米,儿童,车道右侧,10米,25km/h,应急车辆,无特殊需求,普通车辆
9846,晴天,夜晚,潮湿,20米,成年人,车道右侧,50米,25km/h,应急车辆,紧急（去医院）,普通车辆
9865,晴天,夜晚,潮湿,20米,成年人,车道中间,50米,25km/h,普通车辆,赶时间（通勤或赶飞机）,无
9889,晴天,夜晚,潮湿,20米,成年人,车道中间,50米,25km/h,卡车,赶时间（通勤或赶飞机）,无
9936,晴天,夜晚,潮湿,20米,儿童,车道右侧,50米,25km/h,卡车,无特殊需求,应急车辆
9977,晴天,夜晚,潮湿,20米,成年人,车道中间,100米,25km/h,普通车辆,赶时间（通勤或赶飞机）,普通车辆
9984,晴天,夜晚,潮湿,20米,儿童,车道右侧,100米,25km/h,普通车辆,赶时间（通勤或赶飞机）,应急车辆
10008,晴天,夜晚,潮湿,20米,儿童,车道右侧,100米,25km/h,卡车,赶时间（通勤或赶飞机）,应急车辆
10014,晴天,夜晚,潮湿,20米,成年人,车道右侧,100米,25km/h,普通车辆,无特殊需求,普通车辆
10034,晴天,夜晚,潮湿,20米,成年人,车道右侧,100米,25km/h,卡车,无特殊需求,无
10039,晴天,夜晚,潮湿,20米,儿童,车道中间,100米,25km/h,卡车,无特殊需求,普通车辆
10040,晴天,夜晚,潮湿,20米,儿童,车道右侧,100米,25km/h,卡车,无特殊需求,普通车辆
10050,晴天,夜晚,潮湿,20米,成年人,车道右侧,10米,50km/h,普通车辆,紧急（去医院）,普通车辆
10084,晴天,夜晚,潮湿,20米,儿童,车道右侧,10米,50km/h,普通车辆,赶时间（通勤或赶飞机）,无
10090,晴天,夜晚,潮湿,20米,成年人,车道右侧,10米,50km/h,普通车辆,赶时间（通勤或赶飞机）,应急车辆
10105,晴天,夜晚,潮湿,20米,成年人,车道中间,10米,50km/h,卡车,赶时间（通勤或赶飞机）,无
10106,晴天,夜晚,潮湿,20米,成年人,车道右侧,10米,50km/h,卡车,赶时间（通勤或赶飞机）,无
10126,晴天,夜晚,潮湿,20米,成年人,车道右侧,10米,50km/h,普通车辆,无特殊需求,应急车辆
10129,晴天,夜晚,潮湿,20米,成年人,车道中间,10米,50km/h,应急车辆,无特殊需求,无
10150,晴天,夜晚,潮湿,20米,成年人,车道右侧,10米,50km/h,卡车,无特殊需求,应急车辆
10169,晴天,夜晚,潮湿,20米,成年人,车道中间,50米,50km/h,应急车辆,紧急（去医院）,普通车辆
10176,晴天,夜晚,潮湿,20米,儿童,车道右侧,50米,50km/h,应急车辆,紧急（去医院）,应急车辆
10194,晴天,夜晚,潮湿,20米,成年人,车道右侧,50米,50km/h,普通车辆,赶时间（通勤或赶飞机）,普通车辆
10229,晴天,夜晚,潮湿,20米,成年人,车道中间,50米,50km/h,普通车辆,无特殊需求,普通车辆
10257,晴天,夜晚,潮湿,20米,成年人,车道中间,50米,50km/h,卡车,无特殊需求,应急车辆
10269,晴天,夜晚,潮湿,20米,成年人,车道中间,100米,50km/h,普通车辆,紧急（去医院）,应急车辆
10295,晴天,夜晚,潮湿,20米,儿童,车道中间,100米,50km/h,卡车,紧急（去医院）,应急车辆
10300,晴天,夜晚,潮湿,20米,儿童,车道右侧,100米,50km/h,普通车辆,赶时间（通勤或赶飞机）,无
10301,晴天,夜晚,潮湿,20米,成年人,车道中间,100米,50km/h,普通车辆,赶时间（通勤或赶飞机）,普通车辆
10328,晴天,夜晚,潮湿,20米,儿童,车道右侧,100米,50km/h,卡车,赶时间（通勤或赶飞机）,普通车辆
10334,晴天,夜晚,潮湿,20米,成年人,车道右侧,100米,50km/h,普通车辆,无特殊需求,无
10350,晴天,夜晚,潮湿,20米,成年人,车道右侧,100米,50km/h,应急车辆,无特殊需求,普通车辆
10354,晴天,夜晚,潮湿,20米,成年人,车道右侧,100米,50km/h,应急车辆,无特殊需求,应急车辆
10376,雨天,白天,干燥,无车辆,儿童,车道右侧,10米,25km/h,普通车辆,紧急（去医院）,普通车辆
10382,雨天,白天,干燥,无车辆,成年人,车道右侧,10米,25km/h,应急车辆,紧急（去医院）,无
10390,雨天,白天,干燥,无车辆,成年人,车道右侧,10米,25km/h,应急车辆,紧急（去医院）,应急车辆
10394,雨天,白天,干燥,无车辆,成年人,车道右侧,10米,25km/h,卡车,紧急（去医院）,无
10420,雨天,白天,干燥,无车辆,儿童,车道右侧,10米,25km/h,应急车辆,赶时间（通勤或赶飞机）,无
10490,雨天,白天,干燥,无车辆,成年人,车道右侧,50米,25km/h,应急车辆,紧急（去医院）,无
10496,雨天,白天,干燥,无车辆,儿童,车道右侧,50米,25km/h,应急车辆,紧急（去医院）,普通车辆
10498,雨天,白天,干燥,无车辆,成年人,车道右侧,50米,25km/h,应急车辆,紧急（去医院）,应急车辆
10499,雨天,白天,干燥,无车辆,儿童,车道中间,50米,25km/h,应急车辆,紧急（去医院）,应急车辆
10501,雨天,白天,干燥,无车辆,成年人,车道中间,50米,25km/h,卡车,紧急（去医院）,无
10508,雨天,白天,干燥,无车辆,儿童,车道右侧,50米,25km/h,卡车,紧急（去医院）,普通车辆
10509,雨天,白天,干燥,无车辆,成年人,车道中间,50米,25km/h,卡车,紧急（去医院）,应急车辆
10511,雨天,白天,干燥,无车辆,儿童,车道中间,50米,25km/h,卡车,紧急（去医院）,应急车辆
10514,雨天,白天,干燥,无车辆,成年人,车道右侧,50米,25km/h,普通车辆,赶时间（通勤或赶飞机）,无
10526,雨天,白天,干燥,无车辆,成年人,车道右侧,50米,25km/h,应急车辆,赶时间（通勤或赶飞机）,无
10530,雨天,白天,干燥,无车辆,成年人,车道右侧,50米,25km/h,应急车辆,赶时间（通勤或赶飞机）,普通车辆
10575,雨天,白天,干燥,无车辆,儿童,车道中间,50米,25km/h,卡车,无特殊需求,无
10605,雨天,白天,干燥,无车辆,成年人,车道中间,100米,25km/h,应急车辆,紧急（去医院）,应急车辆
10612,雨天,白天,干燥,无车辆,儿童,车道右侧,100米,25km/h,卡车,紧急（去医院）,无
10632,雨天,白天,干燥,无车辆,儿童,车道右侧,100米,25km/h,普通车辆,赶时间（通勤或赶飞机）,应急车辆
10645,雨天,白天,干燥,无车辆,成年人,车道中间,100米,25km/h,卡车,赶时间（通勤或赶飞机）,无
10654,雨天,白天,干燥,无车辆,成年人,车道右侧,100米,25km/h,卡车,赶时间（通勤或赶飞机）,应急车辆
10657,雨天,白天,干燥,无车辆,成年人,车道中间,100米,25km/h,普通车辆,无特殊需求,无
10677,雨天,白天,干燥,无车辆,成年人,车道中间,100米,25km/h,应急车辆,无特殊需求,应急车辆
10690,雨天,白天,干燥,无车辆,成年人,车道右侧,100米,25km/h,卡车,无特殊需求,应急车辆
10691,雨天,白天,干燥,无车辆,儿童,车道中间,100米,25km/h,卡车,无特殊需求,应急车辆
10698,雨天,白天,干燥,无车辆,成年人,车道右侧,10米,50km/h,普通车辆,紧急（去医院）,普通车辆
10710,雨天,白天,干燥,无车辆,成年人,车道右侧,10米,50km/h,应急车辆,紧急（去医院）,普通车辆
10715,雨天,白天,干燥,无车辆,儿童,车道中间,10米,50km/h,应急车辆,紧急（去医院）,应急车辆
10731,雨天,白天,干燥,无车辆,儿童,车道中间,10米,50km/h,普通车辆,赶时间（通勤或赶飞机）,无
10734,雨天,白天,干燥,无车辆,成年人,车道右侧,10米,50km/h,普通车辆,赶时间（通勤或赶飞机）,普通车辆
10748,雨天,白天,干燥,无车辆,儿童,车道右侧,10米,50km/h,应急车辆,赶时间（通勤或赶飞机）,普通车辆
10761,雨天,白天,干燥,无车辆,成年人,车道中间,10米,50km/h,卡车,赶时间（通勤或赶飞机）,应急车辆
10782,雨天,白天,干燥,无车辆,成年人,车道右侧,10米,50km/h,应急车辆,无特殊需求,普通车辆
10783,雨天,白天,干燥,无车辆,儿童,车道中间,10米,50km/h,应急车辆,无特殊需求,普通车辆
10812,雨天,白天,干燥,无车辆,儿童,车道右侧,50米,50km/h,普通车辆,紧急（去医院）,应急车辆
10841,雨天,白天,干燥,无车辆,成年人,车道中间,50米,50km/h,普通车辆,赶时间（通勤或赶飞机）,普通车辆
10857,雨天,白天,干燥,无车辆,成年人,车道中间,50米,50km/h,应急车辆,赶时间（通勤或赶飞机）,应急车辆
10902,雨天,白天,干燥,无车辆,成年人,车道右侧,50米,50km/h,卡车,无特殊需求,普通车辆
10904,雨天,白天,干燥,无车辆,儿童,车道右侧,50米,50km/h,卡车,无特殊需求,普通车辆
10905,雨天,白天,干燥,无车辆,成年人,车道中间,50米,50km/h,卡车,无特殊需求,应急车辆
10953,雨天,白天,干燥,无车辆,成年人,车道中间,100米,50km/h,普通车辆,赶时间（通勤或赶飞机）,应急车辆
10954,雨天,白天,干燥,无车辆,成年人,车道右侧,100米,50km/h,普通车辆,赶时间（通勤或赶飞机）,应急车辆
10958,雨天,白天,干燥,无车辆,成年人,车道右侧,100米,50km/h,应急车辆,赶时间（通勤或赶飞机）,无
10991,雨天,白天,干燥,无车辆,儿童,车道中间,100米,50km/h,普通车辆,无特殊需求,应急车辆
11007,雨天,白天,干燥,无车辆,儿童,车道中间,100米,50km/h,卡车,无特殊需求,无
11010,雨天,白天,干燥,无车辆,成年人,车道右侧,100米,50km/h,卡车,无特殊需求,普通车辆
11011,雨天,白天,干燥,无车辆,儿童,车道中间,100米,50km/h,卡车,无特殊需求,普通车辆
11033,雨天,白天,干燥,100米,成年人,车道中间,10米,25km/h,应急车辆,紧急（去医院）,普通车辆
11039,雨天,白天,干燥,100米,儿童,车道中间,10米,25km/h,应急车辆,紧急（去医院）,应急车辆
11042,雨天,白天,干燥,100米,成年人,车道右侧,10米,25km/h,卡车,紧急（去医院）,无
11049,雨天,白天,干燥,100米,成年人,车道中间,10米,25km/h,卡车,紧急（去医院）,应急车辆
11061,雨天,白天,干燥,100米,成年人,车道中间,10米,25km/h,普通车辆,赶时间（通勤或赶飞机）,应急车辆
11082,雨天,白天,干燥,100米,成年人,车道右侧,10米,25km/h,卡车,赶时间（通勤或赶飞机）,普通车辆
11097,雨天,白天,干燥,100米,成年人,车道中间,10米,25km/h,普通车辆,无特殊需求,应急车辆
11099,雨天,白天,干燥,100米,儿童,车道中间,10米,25km/h,普通车辆,无特殊需求,应急车辆
11115,雨天,白天,干燥,100米,儿童,车道中间,10米,25km/h,卡车,无特殊需求,无
11136,雨天,白天,干燥,100米,儿童,车道右侧,50米,25km/h,普通车辆,紧急（去医院）,应急车辆
11147,雨天,白天,干燥,100米,儿童,车道中间,50米,25km/h,应急车辆,紧急（去医院）,应急车辆
11159,雨天,白天,干燥,100米,儿童,车道中间,50米,25km/h,卡车,紧急（去医院）,应急车辆
11160,雨天,白天,干燥,100米,儿童,车道右侧,50米,25km/h,卡车,紧急（去医院）,应急车辆
11168,雨天,白天,干燥,100米,儿童,车道右侧,50米,25km/h,普通车辆,赶时间（通勤或赶飞机）,普通车辆
11207,雨天,白天,干燥,100米,儿童,车道中间,50米,25km/h,普通车辆,无特殊需求,应急车辆
11236,雨天,白天,干燥,100米,儿童,车道右侧,100米,25km/h,普通车辆,紧急（去医院）,无
11244,雨天,白天,干燥,100米,儿童,车道右侧,100米,25km/h,普通车辆,紧急（去医院）,应急车辆
11245,雨天,白天,干燥,100米,成年人,车道中间,100米,25km/h,应急车辆,紧急（去医院）,无
11254,雨天,白天,干燥,100米,成年人,车道右侧,100米,25km/h,应急车辆,紧急（去医院）,应急车辆
11265,雨天,白天,干燥,100米,成年人,车道中间,100米,25km/h,卡车,紧急（去医院）,应急车辆
11290,雨天,白天,干燥,100米,成年人,车道右侧,100米,25km/h,应急车辆,赶时间（通勤或赶飞机）,应急车辆
11293,雨天,白天,干燥,100米,成年人,车道中间,100米,25km/h,卡车,赶时间（通勤或赶飞机）,无
11341,雨天,白天,干燥,100米,成年人,车道中间,10米,50km/h,普通车辆,紧急（去医院）,无
11366,雨天,白天,干燥,100米,成年人,车道右侧,10米,50km/h,卡车,紧急（去医院）,无
11377,雨天,白天,干燥,100米,成年人,车道中间,10米,50km/h,普通车辆,赶时间（通勤或赶飞机）,无
11387,雨天,白天,干燥,100米,儿童,车道中间,10米,50km/h,普通车辆,赶时间（通勤或赶飞机）,应急车辆
11389,雨天,白天,干燥,100米,成年人,车道中间,10米,50km/h,应急车辆,赶时间（通勤或赶飞机）,无
11397,雨天,白天,干燥,100米,成年人,车道中间,10米,50km/h,应急车辆,赶时间（通勤或赶飞机）,应急车辆
11400,雨天,白天,干燥,100米,儿童,车道右侧,10米,50km/h,应急车辆,赶时间（通勤或赶飞机）,应急车辆
11401,雨天,白天,干燥,100米,成年人,车道中间,10米,50km/h,卡车,赶时间（通勤或赶飞机）,无
11409,雨天,白天,干燥,100米,成年人,车道中间,10米,50km/h,卡车,赶时间（通勤或赶飞机）,应急车辆
11413,雨天,白天,干燥,100米,成年人,车道中间,10米,50km/h,普通车辆,无特殊需求,无
11496,雨天,白天,干燥,100米,儿童,车道右侧,50米,50km/h,普通车辆,赶时间（通勤或赶飞机）,应急车辆
11500,雨天,白天,干燥,100米,儿童,车道右侧,50米,50km/h,应急车辆,赶时间（通勤或赶飞机）,无
11501,雨天,白天,干燥,100米,成年人,车道中间,50米,50km/h,应急车辆,赶时间（通勤或赶飞机）,普通车辆
11505,雨天,白天,干燥,100米,成年人,车道中间,50米,50km/h,应急车辆,赶时间（通勤或赶飞机）,应急车辆
11510,雨天,白天,干燥,100米,成年人,车道右侧,50米,50km/h,卡车,赶时间（通勤或赶飞机）,无
11522,雨天,白天,干燥,100米,成年人,车道右侧,50米,50km/h,普通车辆,无特殊需求,无
11541,雨天,白天,干燥,100米,成年人,车道中间,50米,50km/h,应急车辆,无特殊需求,应急车辆
11563,雨天,白天,干燥,100米,儿童,车道中间,100米,50km/h,普通车辆,紧急（去医院）,普通车辆
11606,雨天,白天,干燥,100米,成年人,车道右侧,100米,50km/h,应急车辆,赶时间（通勤或赶飞机）,无
11611,雨天,白天,干燥,100米,儿童,车道中间,100米,50km/h,应急车辆,赶时间（通勤或赶飞机）,普通车辆
11615,雨天,白天,干燥,100米,儿童,车道中间,100米,50km/h,应急车辆,赶时间（通勤或赶飞机）,应急车辆
11630,雨天,白天,干燥,100米,成年人,车道右侧,100米,50km/h,普通车辆,无特殊需求,无
11637,雨天,白天,干燥,100米,成年人,车道中间,100米,50km/h,普通车辆,无特殊需求,应急车辆
11657,雨天,白天,干燥,100米,成年人,车道中间,100米,50km/h,卡车,无特殊需求,普通车辆
11660,雨天,白天,干燥,100米,儿童,车道右侧,100米,50km/h,卡车,无特殊需求,普通车辆
11664,雨天,白天,干燥,100米,儿童,车道右侧,100米,50km/h,卡车,无特殊需求,应急车辆
11667,雨天,白天,干燥,50米,儿童,车道中间,10米,25km/h,普通车辆,紧急（去医院）,无
11675,雨天,白天,干燥,50米,儿童,车道中间,10米,25km/h,普通车辆,紧急（去医院）,应急车辆
11680,雨天,白天,干燥,50米,儿童,车道右侧,10米,25km/h,应急车辆,紧急（去医院）,无
11682,雨天,白天,干燥,50米,成年人,车道右侧,10米,25km/h,应急车辆,紧急（去医院）,普通车辆
11698,雨天,白天,干燥,50米,成年人,车道右侧,10米,25km/h,卡车,紧急（去医院）,应急车辆
11702,雨天,白天,干燥,50米,成年人,车道右侧,10米,25km/h,普通车辆,赶时间（通勤或赶飞机）,无
11711,雨天,白天,干燥,50米,儿童,车道中间,10米,25km/h,普通车辆,赶时间（通勤或赶飞机）,应急车辆
11728,雨天,白天,干燥,50米,儿童,车道右侧,10米,25km/h,卡车,赶时间（通勤或赶飞机）,无
11733,雨天,白天,干燥,50米,成年人,车道中间,10米,25km/h,卡车,赶时间（通勤或赶飞机）,应急车辆
11759,雨天,白天,干燥,50米,儿童,车道中间,10米,25km/h,应急车辆,无特殊需求,应急车辆
11767,雨天,白天,干燥,50米,儿童,车道中间,10米,25km/h,卡车,无特殊需求,普通车辆
11787,雨天,白天,干燥,50米,儿童,车道中间,50米,25km/h,应急车辆,紧急（去医院）,无
11803,雨天,白天,干燥,50米,儿童,车道中间,50米,25km/h,卡车,紧急（去医院）,普通车辆
11805,雨天,白天,干燥,50米,成年人,车道中间,50米,25km/h,卡车,紧急（去医院）,应急车辆
11833,雨天,白天,干燥,50米,成年人,车道中间,50米,25km/h,卡车,赶时间（通勤或赶飞机）,无
11847,雨天,白天,干燥,50米,儿童,车道中间,50米,25km/h,普通车辆,无特殊需求,无
11851,雨天,白天,干燥,50米,儿童,车道中间,50米,25km/h,普通车辆,无特殊需求,普通车辆
11853,雨天,白天,干燥,50米,成年人,车道中间,50米,25km/h,普通车辆,无特殊需求,应急车辆
11878,雨天,白天,干燥,50米,成年人,车道右侧,50米,25km/h,卡车,无特殊需求,应急车辆
11922,雨天,白天,干燥,50米,成年人,车道右侧,100米,25km/h,普通车辆,赶时间（通勤或赶飞机）,普通车辆
11936,雨天,白天,干燥,50米,儿童,车道右侧,100米,25km/h,应急车辆,赶时间（通勤或赶飞机）,普通车辆
11968,雨天,白天,干燥,50米,儿童,车道右侧,100米,25km/h,应急车辆,无特殊需求,无
11974,雨天,白天,干燥,50米,成年人,车道右侧,100米,25km/h,应急车辆,无特殊需求,应急车辆
11998,雨天,白天,干燥,50米,成年人,车道右侧,10米,50km/h,普通车辆,紧急（去医院）,应急车辆
12011,雨天,白天,干燥,50米,儿童,车道中间,10米,50km/h,应急车辆,紧急（去医院）,应急车辆
12026,雨天,白天,干燥,50米,成年人,车道右侧,10米,50km/h,普通车辆,赶时间（通勤或赶飞机）,无
12033,雨天,白天,干燥,50米,成年人,车道中间,10米,50km/h,普通车辆,赶时间（通勤或赶飞机）,应急车辆
12036,雨天,白天,干燥,50米,儿童,车道右侧,10米,50km/h,普通车辆,赶时间（通勤或赶飞机）,应急车辆
12039,雨天,白天,干燥,50米,儿童,车道中间,10米,50km/h,应急车辆,赶时间（通勤或赶飞机）,无
12059,雨天,白天,干燥,50米,儿童,车道中间,10米,50km/h,卡车,赶时间（通勤或赶飞机）,应急车辆
12074,雨天,白天,干燥,50米,成年人,车道右侧,10米,50km/h,应急车辆,无特殊需求,无
12108,雨天,白天,干燥,50米,儿童,车道右侧,50米,50km/h,普通车辆,紧急（去医院）,应急车辆
12115,雨天,白天,干燥,50米,儿童,车道中间,50米,50km/h,应急车辆,紧急（去医院）,普通车辆
12126,雨天,白天,干燥,50米,成年人,车道右侧,50米,50km/h,卡车,紧急（去医院）,普通车辆
12165,雨天,白天,干燥,50米,成年人,车道中间,50米,50km/h,卡车,赶时间（通勤或赶飞机）,应急车辆
12171,雨天,白天,干燥,50米,儿童,车道中间,50米,50km/h,普通车辆,无特殊需求,无
12177,雨天,白天,干燥,50米,成年人,车道中间,50米,50km/h,普通车辆,无特殊需求,应急车辆
12201,雨天,白天,干燥,50米,成年人,车道中间,50米,50km/h,卡车,无特殊需求,应急车辆
12215,雨天,白天,干燥,50米,儿童,车道中间,100米,50km/h,普通车辆,紧急（去医院）,应急车辆
12218,雨天,白天,干燥,50米,成年人,车道右侧,100米,50km/h,应急车辆,紧急（去医院）,无
12236,雨天,白天,干燥,50米,儿童,车道右侧,100米,50km/h,卡车,紧急（去医院）,普通车辆
12269,雨天,白天,干燥,50米,成年人,车道中间,100米,50km/h,卡车,赶时间（通勤或赶飞机）,普通车辆
12284,雨天,白天,干燥,50米,儿童,车道右侧,100米,50km/h,普通车辆,无特殊需求,普通车辆
12291,雨天,白天,干燥,50米,儿童,车道中间,100米,50km/h,应急车辆,无特殊需求,无
12292,雨天,白天,干燥,50米,儿童,车道右侧,100米,50km/h,应急车辆,无特殊需求,无
12310,雨天,白天,干燥,50米,成年人,车道右侧,100米,50km/h,卡车,无特殊需求,应急车辆
12316,雨天,白天,干燥,20米,儿童,车道右侧,10米,25km/h,普通车辆,紧急（去医院）,无
12327,雨天,白天,干燥,20米,儿童,车道中间,10米,25km/h,应急车辆,紧急（去医院）,无
12341,雨天,白天,干燥,20米,成年人,车道中间,10米,25km/h,卡车,紧急（去医院）,普通车辆
12344,雨天,白天,干燥,20米,儿童,车道右侧,10米,25km/h,卡车,紧急（去医院）,普通车辆
12345,雨天,白天,干燥,20米,成年人,车道中间,10米,25km/h,卡车,紧急（去医院）,应急车辆
12358,雨天,白天,干燥,20米,成年人,车道右侧,10米,25km/h,普通车辆,赶时间（通勤或赶飞机）,应急车辆
12372,雨天,白天,干燥,20米,儿童,车道右侧,10米,25km/h,应急车辆,赶时间（通勤或赶飞机）,应急车辆
12390,雨天,白天,干燥,20米,成年人,车道右侧,10米,25km/h,普通车辆,无特殊需求,普通车辆
12397,雨天,白天,干燥,20米,成年人,车道中间,10米,25km/h,应急车辆,无特殊需求,无
12399,雨天,白天,干燥,20米,儿童,车道中间,10米,25km/h,应急车辆,无特殊需求,无
12420,雨天,白天,干燥,20米,儿童,车道右侧,10米,25km/h,卡车,无特殊需求,应急车辆
12440,雨天,白天,干燥,20米,儿童,车道右侧,50米,25km/h,应急车辆,紧急（去医院）,普通车辆
12441,雨天,白天,干燥,20米,成年人,车道中间,50米,25km/h,应急车辆,紧急（去医院）,应急车辆
12458,雨天,白天,干燥,20米,成年人,车道右侧,50米,25km/h,普通车辆,赶时间（通勤或赶飞机）,无
12483,雨天,白天,干燥,20米,儿童,车道中间,50米,25km/h,卡车,赶时间（通勤或赶飞机）,无
12500,雨天,白天,干燥,20米,儿童,车道右侧,50米,25km/h,普通车辆,无特殊需求,普通车辆
12506,雨天,白天,干燥,20米,成年人,车道右侧,50米,25km/h,应急车辆,无特殊需求,无
12521,雨天,白天,干燥,20米,成年人,车道中间,50米,25km/h,卡车,无特殊需求,普通车辆
12527,雨天,白天,干燥,20米,儿童,车道中间,50米,25km/h,卡车,无特殊需求,应急车辆
12555,雨天,白天,干燥,20米,儿童,车道中间,100米,25km/h,卡车,紧急（去医院）,无
12559,雨天,白天,干燥,20米,儿童,车道中间,100米,25km/h,卡车,紧急（去医院）,普通车辆
12578,雨天,白天,干燥,20米,成年人,车道右侧,100米,25km/h,应急车辆,赶时间（通勤或赶飞机）,无
12594,雨天,白天,干燥,20米,成年人,车道右侧,100米,25km/h,卡车,赶时间（通勤或赶飞机）,普通车辆
12595,雨天,白天,干燥,20米,儿童,车道中间,100米,25km/h,卡车,赶时间（通勤或赶飞机）,普通车辆
12627,雨天,白天,干燥,20米,儿童,车道中间,100米,25km/h,卡车,无特殊需求,无
12631,雨天,白天,干燥,20米,儿童,车道中间,100米,25km/h,卡车,无特殊需求,普通车辆
12632,雨天,白天,干燥,20米,儿童,车道右侧,100米,25km/h,卡车,无特殊需求,普通车辆
12637,雨天,白天,干燥,20米,成年人,车道中间,10米,50km/h,普通车辆,紧急（去医院）,无
12670,雨天,白天,干燥,20米,成年人,车道右侧,10米,50km/h,卡车,紧急（去医院）,应急车辆
12702,雨天,白天,干燥,20米,成年人,车道右侧,10米,50km/h,卡车,赶时间（通勤或赶飞机）,普通车辆
12724,雨天,白天,干燥,20米,儿童,车道右侧,10米,50km/h,应急车辆,无特殊需求,无
12727,雨天,白天,干燥,20米,儿童,车道中间,10米,50km/h,应急车辆,无特殊需求,普通车辆
12746,雨天,白天,干燥,20米,成年人,车道右侧,50米,50km/h,普通车辆,紧急（去医院）,无
12754,雨天,白天,干燥,20米,成年人,车道右侧,50米,50km/h,普通车辆,紧急（去医院）,应急车辆
12763,雨天,白天,干燥,20米,儿童,车道中间,50米,50km/h,应急车辆,紧急（去医院）,普通车辆
12839,雨天,白天,干燥,20米,儿童,车道中间,50米,50km/h,应急车辆,无特殊需求,应急车辆
12845,雨天,白天,干燥,20米,成年人,车道中间,50米,50km/h,卡车,无特殊需求,普通车辆
12893,雨天,白天,干燥,20米,成年人,车道中间,100米,50km/h,普通车辆,赶时间（通勤或赶飞机）,普通车辆
12898,雨天,白天,干燥,20米,成年人,车道右侧,100米,50km/h,普通车辆,赶时间（通勤或赶飞机）,应急车辆
12899,雨天,白天,干燥,20米,儿童,车道中间,100米,50km/h,普通车辆,赶时间（通勤或赶飞机）,应急车辆
12909,雨天,白天,干燥,20米,成年人,车道中间,100米,50km/h,应急车辆,赶时间（通勤或赶飞机）,应急车辆
12923,雨天,白天,干燥,20米,儿童,车道中间,100米,50km/h,卡车,赶时间（通勤或赶飞机）,应急车辆
12934,雨天,白天,干燥,20米,成年人,车道右侧,100米,50km/h,普通车辆,无特殊需求,应急车辆
12935,雨天,白天,干燥,20米,儿童,车道中间,100米,50km/h,普通车辆,无特殊需求,应急车辆
12940,雨天,白天,干燥,20米,儿童,车道右侧,100米,50km/h,应急车辆,无特殊需求,无
12945,雨天,白天,干燥,20米,成年人,车道中间,100米,50km/h,应急车辆,无特殊需求,应急车辆
12959,雨天,白天,干燥,20米,儿童,车道中间,100米,50km/h,卡车,无特殊需求,应急车辆
12962,雨天,白天,潮湿,无车辆,成年人,车道右侧,10米,25km/h,普通车辆,紧急（去医院）,无
12971,雨天,白天,潮湿,无车辆,儿童,车道中间,10米,25km/h,普通车辆,紧急（去医院）,应急车辆
12975,雨天,白天,潮湿,无车辆,儿童,车道中间,10米,25km/h,应急车辆,紧急（去医院）,无
13036,雨天,白天,潮湿,无车辆,儿童,车道右侧,10米,25km/h,普通车辆,无特殊需求,无
13038,雨天,白天,潮湿,无车辆,成年人,车道右侧,10米,25km/h,普通车辆,无特殊需求,普通车辆
13043,雨天,白天,潮湿,无车辆,儿童,车道中间,10米,25km/h,普通车辆,无特殊需求,应急车辆
13050,雨天,白天,潮湿,无车辆,成年人,车道右侧,10米,25km/h,应急车辆,无特殊需求,普通车辆
13054,雨天,白天,潮湿,无车辆,成年人,车道右侧,10米,25km/h,应急车辆,无特殊需求,应急车辆
13070,雨天,白天,潮湿,无车辆,成年人,车道右侧,50米,25km/h,普通车辆,紧急（去医院）,无
13072,雨天,白天,潮湿,无车辆,儿童,车道右侧,50米,25km/h,普通车辆,紧急（去医院）,无
13078,雨天,白天,潮湿,无车辆,成年人,车道右侧,50米,25km/h,普通车辆,紧急（去医院）,应急车辆
13087,雨天,白天,潮湿,无车辆,儿童,车道中间,50米,25km/h,应急车辆,紧急（去医院）,普通车辆
13099,雨天,白天,潮湿,无车辆,儿童,车道中间,50米,25km/h,卡车,紧急（去医院）,普通车辆
13101,雨天,白天,潮湿,无车辆,成年人,车道中间,50米,25km/h,卡车,紧急（去医院）,应急车辆
13120,雨天,白天,潮湿,无车辆,儿童,车道右侧,50米,25km/h,应急车辆,赶时间（通勤或赶飞机）,无
13125,雨天,白天,潮湿,无车辆,成年人,车道中间,50米,25km/h,应急车辆,赶时间（通勤或赶飞机）,应急车辆
13142,雨天,白天,潮湿,无车辆,成年人,车道右侧,50米,25km/h,普通车辆,无特殊需求,无
13165,雨天,白天,潮湿,无车辆,成年人,车道中间,50米,25km/h,卡车,无特殊需求,无
13189,雨天,白天,潮湿,无车辆,成年人,车道中间,100米,25km/h,应急车辆,紧急（去医院）,无
13197,雨天,白天,潮湿,无车辆,成年人,车道中间,100米,25km/h,应急车辆,紧急（去医院）,应急车辆
13213,雨天,白天,潮湿,无车辆,成年人,车道中间,100米,25km/h,普通车辆,赶时间（通勤或赶飞机）,无
13216,雨天,白天,潮湿,无车辆,儿童,车道右侧,100米,25km/h,普通车辆,赶时间（通勤或赶飞机）,无
13220,雨天,白天,潮湿,无车辆,儿童,车道右侧,100米,25km/h,普通车辆,赶时间（通勤或赶飞机）,普通车辆
13279,雨天,白天,潮湿,无车辆,儿童,车道中间,100米,25km/h,卡车,无特殊需求,普通车辆
13290,雨天,白天,潮湿,无车辆,成年人,车道右侧,10米,50km/h,普通车辆,紧急（去医院）,普通车辆
13294,雨天,白天,潮湿,无车辆,成年人,车道右侧,10米,50km/h,普通车辆,紧急（去医院）,应急车辆
13295,雨天,白天,潮湿,无车辆,儿童,车道中间,10米,50km/h,普通车辆,紧急（去医院）,应急车辆
13296,雨天,白天,潮湿,无车辆,儿童,车道右侧,10米,50km/h,普通车辆,紧急（去医院）,应急车辆
13315,雨天,白天,潮湿,无车辆,儿童,车道中间,10米,50km/h,卡车,紧急（去医院）,普通车辆
13321,雨天,白天,潮湿,无车辆,成年人,车道中间,10米,50km/h,普通车辆,赶时间（通勤或赶飞机）,无
13333,雨天,白天,潮湿,无车辆,成年人,车道中间,10米,50km/h,应急车辆,赶时间（通勤或赶飞机）,无
13337,雨天,白天,潮湿,无车辆,成年人,车道中间,10米,50km/h,应急车辆,赶时间（通勤或赶飞机）,普通车辆
13353,雨天,白天,潮湿,无车辆,成年人,车道中间,10米,50km/h,卡车,赶时间（通勤或赶飞机）,应急车辆
13359,雨天,白天,潮湿,无车辆,儿童,车道中间,10米,50km/h,普通车辆,无特殊需求,无
13366,雨天,白天,潮湿,无车辆,成年人,车道右侧,10米,50km/h,普通车辆,无特殊需求,应急车辆
13368,雨天,白天,潮湿,无车辆,儿童,车道右侧,10米,50km/h,普通车辆,无特殊需求,应急车辆
13374,雨天,白天,潮湿,无车辆,成年人,车道右侧,10米,50km/h,应急车辆,无特殊需求,普通车辆
13397,雨天,白天,潮湿,无车辆,成年人,车道中间,50米,50km/h,普通车辆,紧急（去医院）,普通车辆
13422,雨天,白天,潮湿,无车辆,成年人,车道右侧,50米,50km/h,卡车,紧急（去医院）,普通车辆
13432,雨天,白天,潮湿,无车辆,儿童,车道右侧,50米,50km/h,普通车辆,赶时间（通勤或赶飞机）,无
13433,雨天,白天,潮湿,无车辆,成年人,车道中间,50米,50km/h,普通车辆,赶时间（通勤或赶飞机）,普通车辆
13437,雨天,白天,潮湿,无车辆,成年人,车道中间,50米,50km/h,普通车辆,赶时间（通勤或赶飞机）,应急车辆
13445,雨天,白天,潮湿,无车辆,成年人,车道中间,50米,50km/h,应急车辆,赶时间（通勤或赶飞机）,普通车辆
13488,雨天,白天,潮湿,无车辆,儿童,车道右侧,50米,50km/h,应急车辆,无特殊需求,应急车辆
13515,雨天,白天,潮湿,无车辆,儿童,车道中间,100米,50km/h,应急车辆,紧急（去医院）,无
13549,雨天,白天,潮湿,无车辆,成年人,车道中间,100米,50km/h,应急车辆,赶时间（通勤或赶飞机）,无
13564,雨天,白天,潮湿,无车辆,儿童,车道右侧,100米,50km/h,卡车,赶时间（通勤或赶飞机）,无
13574,雨天,白天,潮湿,无车辆,成年人,车道右侧,100米,50km/h,普通车辆,无特殊需求,无
13602,雨天,白天,潮湿,无车辆,成年人,车道右侧,100米,50km/h,卡车,无特殊需求,普通车辆
13603,雨天,白天,潮湿,无车辆,儿童,车道中间,100米,50km/h,卡车,无特殊需求,普通车辆
13631,雨天,白天,潮湿,100米,儿童,车道中间,10米,25km/h,应急车辆,紧急（去医院）,应急车辆
13658,雨天,白天,潮湿,100米,成年人,车道右侧,10米,25km/h,应急车辆,赶时间（通勤或赶飞机）,无
13663,雨天,白天,潮湿,100米,儿童,车道中间,10米,25km/h,应急车辆,赶时间（通勤或赶飞机）,普通车辆
13671,雨天,白天,潮湿,100米,儿童,车道中间,10米,25km/h,卡车,赶时间（通勤或赶飞机）,无
13675,雨天,白天,潮湿,100米,儿童,车道中间,10米,25km/h,卡车,赶时间（通勤或赶飞机）,普通车辆
13691,雨天,白天,潮湿,100米,儿童,车道中间,10米,25km/h,普通车辆,无特殊需求,应急车辆
13716,雨天,白天,潮湿,100米,儿童,车道右侧,10米,25km/h,卡车,无特殊需求,应急车辆
13731,雨天,白天,潮湿,100米,儿童,车道中间,50米,25km/h,应急车辆,紧急（去医院）,无
13742,雨天,白天,潮湿,100米,成年人,车道右侧,50米,25km/h,卡车,紧急（去医院）,无
13755,雨天,白天,潮湿,100米,儿童,车道中间,50米,25km/h,普通车辆,赶时间（通勤或赶飞机）,无
13756,雨天,白天,潮湿,100米,儿童,车道右侧,50米,25km/h,普通车辆,赶时间（通勤或赶飞机）,无
13789,雨天,白天,潮湿,100米,成年人,车道中间,50米,25km/h,普通车辆,无特殊需求,无
13821,雨天,白天,潮湿,100米,成年人,车道中间,50米,25km/h,卡车,无特殊需求,应急车辆
13826,雨天,白天,潮湿,100米,成年人,车道右侧,100米,25km/h,普通车辆,紧急（去医院）,无
13839,雨天,白天,潮湿,100米,儿童,车道中间,100米,25km/h,应急车辆,紧急（去医院）,无
13853,雨天,白天,潮湿,100米,成年人,车道中间,100米,25km/h,卡车,紧急（去医院）,普通车辆
13874,雨天,白天,潮湿,100米,成年人,车道右侧,100米,25km/h,应急车辆,赶时间（通勤或赶飞机）,无
13889,雨天,白天,潮湿,100米,成年人,车道中间,100米,25km/h,卡车,赶时间（通勤或赶飞机）,普通车辆
13890,雨天,白天,潮湿,100米,成年人,车道右侧,100米,25km/h,卡车,赶时间（通勤或赶飞机）,普通车辆
13933,雨天,白天,潮湿,100米,成年人,车道中间,10米,50km/h,普通车辆,紧急（去医院）,无
13964,雨天,白天,潮湿,100米,儿童,车道右侧,10米,50km/h,卡车,紧急（去医院）,普通车辆
13967,雨天,白天,潮湿,100米,儿童,车道中间,10米,50km/h,卡车,紧急（去医院）,应急车辆
13979,雨天,白天,潮湿,100米,儿童,车道中间,10米,50km/h,普通车辆,赶时间（通勤或赶飞机）,应急车辆
14007,雨天,白天,潮湿,100米,儿童,车道中间,10米,50km/h,普通车辆,无特殊需求,无
14009,雨天,白天,潮湿,100米,成年人,车道中间,10米,50km/h,普通车辆,无特殊需求,普通车辆
14016,雨天,白天,潮湿,100米,儿童,车道右侧,10米,50km/h,普通车辆,无特殊需求,应急车辆
14035,雨天,白天,潮湿,100米,儿童,车道中间,10米,50km/h,卡车,无特殊需求,普通车辆
14048,雨天,白天,潮湿,100米,儿童,车道右侧,50米,50km/h,普通车辆,紧急（去医院）,普通车辆
14055,雨天,白天,潮湿,100米,儿童,车道中间,50米,50km/h,应急车辆,紧急（去医院）,无
14074,雨天,白天,潮湿,100米,成年人,车道右侧,50米,50km/h,卡车,紧急（去医院）,应急车辆
14091,雨天,白天,潮湿,100米,儿童,车道中间,50米,50km/h,应急车辆,赶时间（通勤或赶飞机）,无
14102,雨天,白天,潮湿,100米,成年人,车道右侧,50米,50km/h,卡车,赶时间（通勤或赶飞机）,无
14104,雨天,白天,潮湿,100米,儿童,车道右侧,50米,50km/h,卡车,赶时间（通勤或赶飞机）,无
14105,雨天,白天,潮湿,100米,成年人,车道中间,50米,50km/h,卡车,赶时间（通勤或赶飞机）,普通车辆
14112,雨天,白天,潮湿,100米,儿童,车道右侧,50米,50km/h,卡车,赶时间（通勤或赶飞机）,应急车辆
14113,雨天,白天,潮湿,100米,成年人,车道中间,50米,50km/h,普通车辆,无特殊需求,无
14122,雨天,白天,潮湿,100米,成年人,车道右侧,50米,50km/h,普通车辆,无特殊需求,应急车辆
14134,雨天,白天,潮湿,100米,成年人,车道右侧,50米,50km/h,应急车辆,无特殊需求,应急车辆
14150,雨天,白天,潮湿,100米,成年人,车道右侧,100米,50km/h,普通车辆,紧急（去医院）,无
14153,雨天,白天,潮湿,100米,成年人,车道中间,100米,50km/h,普通车辆,紧急（去医院）,普通车辆
14158,雨天,白天,潮湿,100米,成年人,车道右侧,100米,50km/h,普通车辆,紧急（去医院）,应急车辆
14165,雨天,白天,潮湿,100米,成年人,车道中间,100米,50km/h,应急车辆,紧急（去医院）,普通车辆
14172,雨天,白天,潮湿,100米,儿童,车道右侧,100米,50km/h,应急车辆,紧急（去医院）,应急车辆
14175,雨天,白天,潮湿,100米,儿童,车道中间,100米,50km/h,卡车,紧急（去医院）,无
14194,雨天,白天,潮湿,100米,成年人,车道右侧,100米,50km/h,普通车辆,赶时间（通勤或赶飞机）,应急车辆
14198,雨天,白天,潮湿,100米,成年人,车道右侧,100米,50km/h,应急车辆,赶时间（通勤或赶飞机）,无
14268,雨天,白天,潮湿,50米,儿童,车道右侧,10米,25km/h,普通车辆,紧急（去医院）,应急车辆
14269,雨天,白天,潮湿,50米,成年人,车道中间,10米,25km/h,应急车辆,紧急（去医院）,无
14273,雨天,白天,潮湿,50米,成年人,车道中间,10米,25km/h,应急车辆,紧急（去医院）,普通车辆
14286,雨天,白天,潮湿,50米,成年人,车道右侧,10米,25km/h,卡车,紧急（去医院）,普通车辆
14300,雨天,白天,潮湿,50米,儿童,车道右侧,10米,25km/h,普通车辆,赶时间（通勤或赶飞机）,普通车辆
14304,雨天,白天,潮湿,50米,儿童,车道右侧,10米,25km/h,普通车辆,赶时间（通勤或赶飞机）,应急车辆
14369,雨天,白天,潮湿,50米,成年人,车道中间,50米,25km/h,普通车辆,紧急（去医院）,普通车辆
14401,雨天,白天,潮湿,50米,成年人,车道中间,50米,25km/h,普通车辆,赶时间（通勤或赶飞机）,无
14404,雨天,白天,潮湿,50米,儿童,车道右侧,50米,25km/h,普通车辆,赶时间（通勤或赶飞机）,无
14430,雨天,白天,潮湿,50米,成年人,车道右侧,50米,25km/h,卡车,赶时间（通勤或赶飞机）,普通车辆
14455,雨天,白天,潮湿,50米,儿童,车道中间,50米,25km/h,应急车辆,无特殊需求,普通车辆
14470,雨天,白天,潮湿,50米,成年人,车道右侧,50米,25km/h,卡车,无特殊需求,应急车辆
14478,雨天,白天,潮湿,50米,成年人,车道右侧,100米,25km/h,普通车辆,紧急（去医院）,普通车辆
14492,雨天,白天,潮湿,50米,儿童,车道右侧,100米,25km/h,应急车辆,紧急（去医院）,普通车辆
14493,雨天,白天,潮湿,50米,成年人,车道中间,100米,25km/h,应急车辆,紧急（去医院）,应急车辆
14497,雨天,白天,潮湿,50米,成年人,车道中间,100米,25km/h,卡车,紧急（去医院）,无
14500,雨天,白天,潮湿,50米,儿童,车道右侧,100米,25km/h,卡车,紧急（去医院）,无
14501,雨天,白天,潮湿,50米,成年人,车道中间,100米,25km/h,卡车,紧急（去医院）,普通车辆
14519,雨天,白天,潮湿,50米,儿童,车道中间,100米,25km/h,普通车辆,赶时间（通勤或赶飞机）,应急车辆
14561,雨天,白天,潮湿,50米,成年人,车道中间,100米,25km/h,应急车辆,无特殊需求,普通车辆
14574,雨天,白天,潮湿,50米,成年人,车道右侧,100米,25km/h,卡车,无特殊需求,普通车辆
14594,雨天,白天,潮湿,50米,成年人,车道右侧,10米,50km/h,应急车辆,紧急（去医院）,无
14615,雨天,白天,潮湿,50米,儿童,车道中间,10米,50km/h,卡车,紧急（去医院）,应急车辆
14620,雨天,白天,潮湿,50米,儿童,车道右侧,10米,50km/h,普通车辆,赶时间（通勤或赶飞机）,无
14622,雨天,白天,潮湿,50米,成年人,车道右侧,10米,50km/h,普通车辆,赶时间（通勤或赶飞机）,普通车辆
14625,雨天,白天,潮湿,50米,成年人,车道中间,10米,50km/h,普通车辆,赶时间（通勤或赶飞机）,应急车辆
14629,雨天,白天,潮湿,50米,成年人,车道中间,10米,50km/h,应急车辆,赶时间（通勤或赶飞机）,无
14635,雨天,白天,潮湿,50米,儿童,车道中间,10米,50km/h,应急车辆,赶时间（通勤或赶飞机）,普通车辆
14661,雨天,白天,潮湿,50米,成年人,车道中间,10米,50km/h,普通车辆,无特殊需求,应急车辆
14673,雨天,白天,潮湿,50米,成年人,车道中间,10米,50km/h,应急车辆,无特殊需求,应急车辆
14674,雨天,白天,潮湿,50米,成年人,车道右侧,10米,50km/h,应急车辆,无特殊需求,应急车辆
14682,雨天,白天,潮湿,50米,成年人,车道右侧,10米,50km/h,卡车,无特殊需求,普通车辆
14715,雨天,白天,潮湿,50米,儿童,车道中间,50米,50km/h,卡车,紧急（去医院）,无
14718,雨天,白天,潮湿,50米,成年人,车道右侧,50米,50km/h,卡车,紧急（去医院）,普通车辆
14721,雨天,白天,潮湿,50米,成年人,车道中间,50米,50km/h,卡车,紧急（去医院）,应急车辆
14727,雨天,白天,潮湿,50米,儿童,车道中间,50米,50km/h,普通车辆,赶时间（通勤或赶飞机）,无
14730,雨天,白天,潮湿,50米,成年人,车道右侧,50米,50km/h,普通车辆,赶时间（通勤或赶飞机）,普通车辆
14734,雨天,白天,潮湿,50米,成年人,车道右侧,50米,50km/h,普通车辆,赶时间（通勤或赶飞机）,应急车辆
14774,雨天,白天,潮湿,50米,成年人,车道右侧,50米,50km/h,应急车辆,无特殊需求,无
14790,雨天,白天,潮湿,50米,成年人,车道右侧,50米,50km/h,卡车,无特殊需求,普通车辆
14834,雨天,白天,潮湿,50米,成年人,车道右侧,100米,50km/h,普通车辆,赶时间（通勤或赶飞机）,无
14836,雨天,白天,潮湿,50米,儿童,车道右侧,100米,50km/h,普通车辆,赶时间（通勤或赶飞机）,无
14841,雨天,白天,潮湿,50米,成年人,车道中间,100米,50km/h,普通车辆,赶时间（通勤或赶飞机）,应急车辆
14845,雨天,白天,潮湿,50米,成年人,车道中间,100米,50km/h,应急车辆,赶时间（通勤或赶飞机）,无
14851,雨天,白天,潮湿,50米,儿童,车道中间,100米,50km/h,应急车辆,赶时间（通勤或赶飞机）,普通车辆
14861,雨天,白天,潮湿,50米,成年人,车道中间,100米,50km/h,卡车,赶时间（通勤或赶飞机）,普通车辆
14877,雨天,白天,潮湿,50米,成年人,车道中间,100米,50km/h,普通车辆,无特殊需求,应急车辆
14880,雨天,白天,潮湿,50米,儿童,车道右侧,100米,50km/h,普通车辆,无特殊需求,应急车辆
14882,雨天,白天,潮湿,50米,成年人,车道右侧,100米,50km/h,应急车辆,无特殊需求,无
14888,雨天,白天,潮湿,50米,儿童,车道右侧,100米,50km/h,应急车辆,无特殊需求,普通车辆
14908,雨天,白天,潮湿,20米,儿童,车道右侧,10米,25km/h,普通车辆,紧急（去医院）,无
14919,雨天,白天,潮湿,20米,儿童,车道中间,10米,25km/h,应急车辆,紧急（去医院）,无
14922,雨天,白天,潮湿,20米,成年人,车道右侧,10米,25km/h,应急车辆,紧急（去医院）,普通车辆
14930,雨天,白天,潮湿,20米,成年人,车道右侧,10米,25km/h,卡车,紧急（去医院）,无
14945,雨天,白天,潮湿,20米,成年人,车道中间,10米,25km/h,普通车辆,赶时间（通勤或赶飞机）,普通车辆
14953,雨天,白天,潮湿,20米,成年人,车道中间,10米,25km/h,应急车辆,赶时间（通勤或赶飞机）,无
14954,雨天,白天,潮湿,20米,成年人,车道右侧,10米,25km/h,应急车辆,赶时间（通勤或赶飞机）,无
14979,雨天,白天,潮湿,20米,儿童,车道中间,10米,25km/h,普通车辆,无特殊需求,无
15006,雨天,白天,潮湿,20米,成年人,车道右侧,10米,25km/h,卡车,无特殊需求,普通车辆
15015,雨天,白天,潮湿,20米,儿童,车道中间,50米,25km/h,普通车辆,紧急（去医院）,无
15017,雨天,白天,潮湿,20米,成年人,车道中间,50米,25km/h,普通车辆,紧急（去医院）,普通车辆
15019,雨天,白天,潮湿,20米,儿童,车道中间,50米,25km/h,普通车辆,紧急（去医院）,普通车辆
15044,雨天,白天,潮湿,20米,儿童,车道右侧,50米,25km/h,卡车,紧急（去医院）,普通车辆
15050,雨天,白天,潮湿,20米,成年人,车道右侧,50米,25km/h,普通车辆,赶时间（通勤或赶飞机）,无
15068,雨天,白天,潮湿,20米,儿童,车道右侧,50米,25km/h,应急车辆,赶时间（通勤或赶飞机）,普通车辆
15091,雨天,白天,潮湿,20米,儿童,车道中间,50米,25km/h,普通车辆,无特殊需求,普通车辆
15105,雨天,白天,潮湿,20米,成年人,车道中间,50米,25km/h,应急车辆,无特殊需求,应急车辆
15106,雨天,白天,潮湿,20米,成年人,车道右侧,50米,25km/h,应急车辆,无特殊需求,应急车辆
15110,雨天,白天,潮湿,20米,成年人,车道右侧,50米,25km/h,卡车,无特殊需求,无
15121,雨天,白天,潮湿,20米,成年人,车道中间,100米,25km/h,普通车辆,紧急（去医院）,无
15135,雨天,白天,潮湿,20米,儿童,车道中间,100米,25km/h,应急车辆,紧急（去医院）,无
15143,雨天,白天,潮湿,20米,儿童,车道中间,100米,25km/h,应急车辆,紧急（去医院）,应急车辆
15147,雨天,白天,潮湿,20米,儿童,车道中间,100米,25km/h,卡车,紧急（去医院）,无
15177,雨天,白天,潮湿,20米,成年人,车道中间,100米,25km/h,应急车辆,赶时间（通勤或赶飞机）,应急车辆
15202,雨天,白天,潮湿,20米,成年人,车道右侧,100米,25km/h,普通车辆,无特殊需求,应急车辆
15205,雨天,白天,潮湿,20米,成年人,车道中间,100米,25km/h,应急车辆,无特殊需求,无
15245,雨天,白天,潮湿,20米,成年人,车道中间,10米,50km/h,应急车辆,紧急（去医院）,普通车辆
15259,雨天,白天,潮湿,20米,儿童,车道中间,10米,50km/h,卡车,紧急（去医院）,普通车辆
15281,雨天,白天,潮湿,20米,成年人,车道中间,10米,50km/h,应急车辆,赶时间（通勤或赶飞机）,普通车辆
15286,雨天,白天,潮湿,20米,成年人,车道右侧,10米,50km/h,应急车辆,赶时间（通勤或赶飞机）,应急车辆
15300,雨天,白天,潮湿,20米,儿童,车道右侧,10米,50km/h,卡车,赶时间（通勤或赶飞机）,应急车辆
15364,雨天,白天,潮湿,20米,儿童,车道右侧,50米,50km/h,卡车,紧急（去医院）,无
15417,雨天,白天,潮湿,20米,成年人,车道中间,50米,50km/h,普通车辆,无特殊需求,应急车辆
15420,雨天,白天,潮湿,20米,儿童,车道右侧,50米,50km/h,普通车辆,无特殊需求,应急车辆
15422,雨天,白天,潮湿,20米,成年人,车道右侧,50米,50km/h,应急车辆,无特殊需求,无
15427,雨天,白天,潮湿,20米,儿童,车道中间,50米,50km/h,应急车辆,无特殊需求,普通车辆
15443,雨天,白天,潮湿,20米,儿童,车道中间,50米,50km/h,卡车,无特殊需求,应急车辆
15465,雨天,白天,潮湿,20米,成年人,车道中间,100米,50km/h,应急车辆,紧急（去医院）,应急车辆
15480,雨天,白天,潮湿,20米,儿童,车道右侧,100米,50km/h,卡车,紧急（去医院）,应急车辆
15491,雨天,白天,潮湿,20米,儿童,车道中间,100米,50km/h,普通车辆,赶时间（通勤或赶飞机）,应急车辆
15532,雨天,白天,潮湿,20米,儿童,车道右侧,100米,50km/h,应急车辆,无特殊需求,无
15533,雨天,白天,潮湿,20米,成年人,车道中间,100米,50km/h,应急车辆,无特殊需求,普通车辆
15547,雨天,白天,潮湿,20米,儿童,车道中间,100米,50km/h,卡车,无特殊需求,普通车辆
15571,雨天,夜晚,干燥,无车辆,儿童,车道中间,10米,25km/h,应急车辆,紧急（去医院）,普通车辆
15579,雨天,夜晚,干燥,无车辆,儿童,车道中间,10米,25km/h,卡车,紧急（去医院）,无
15594,雨天,夜晚,干燥,无车辆,成年人,车道右侧,10米,25km/h,普通车辆,赶时间（通勤或赶飞机）,普通车辆
15603,雨天,夜晚,干燥,无车辆,儿童,车道中间,10米,25km/h,应急车辆,赶时间（通勤或赶飞机）,无
15608,雨天,夜晚,干燥,无车辆,儿童,车道右侧,10米,25km/h,应急车辆,赶时间（通勤或赶飞机）,普通车辆
15632,雨天,夜晚,干燥,无车辆,儿童,车道右侧,10米,25km/h,普通车辆,无特殊需求,普通车辆
15705,雨天,夜晚,干燥,无车辆,成年人,车道中间,50米,25km/h,普通车辆,赶时间（通勤或赶飞机）,应急车辆
15707,雨天,夜晚,干燥,无车辆,儿童,车道中间,50米,25km/h,普通车辆,赶时间（通勤或赶飞机）,应急车辆
15775,雨天,夜晚,干燥,无车辆,儿童,车道中间,100米,25km/h,普通车辆,紧急（去医院）,普通车辆
15777,雨天,夜晚,干燥,无车辆,成年人,车道中间,100米,25km/h,普通车辆,紧急（去医院）,应急车辆
15790,雨天,夜晚,干燥,无车辆,成年人,车道右侧,100米,25km/h,应急车辆,紧急（去医院）,应急车辆
15792,雨天,夜晚,干燥,无车辆,儿童,车道右侧,100米,25km/h,应急车辆,紧急（去医院）,应急车辆
15795,雨天,夜晚,干燥,无车辆,儿童,车道中间,100米,25km/h,卡车,紧急（去医院）,无
15818,雨天,夜晚,干燥,无车辆,成年人,车道右侧,100米,25km/h,应急车辆,赶时间（通勤或赶飞机）,无
15842,雨天,夜晚,干燥,无车辆,成年人,车道右侧,100米,25km/h,普通车辆,无特殊需求,无
15860,雨天,夜晚,干燥,无车辆,儿童,车道右侧,100米,25km/h,应急车辆,无特殊需求,普通车辆
15872,雨天,夜晚,干燥,无车辆,儿童,车道右侧,100米,25km/h,卡车,无特殊需求,普通车辆
15873,雨天,夜晚,干燥,无车辆,成年人,车道中间,100米,25km/h,卡车,无特殊需求,应急车辆
15885,雨天,夜晚,干燥,无车辆,成年人,车道中间,10米,50km/h,普通车辆,紧急（去医院）,应急车辆
15896,雨天,夜晚,干燥,无车辆,儿童,车道右侧,10米,50km/h,应急车辆,紧急（去医院）,普通车辆
15904,雨天,夜晚,干燥,无车辆,儿童,车道右侧,10米,50km/h,卡车,紧急（去医院）,无
15919,雨天,夜晚,干燥,无车辆,儿童,车道中间,10米,50km/h,普通车辆,赶时间（通勤或赶飞机）,普通车辆
15930,雨天,夜晚,干燥,无车辆,成年人,车道右侧,10米,50km/h,应急车辆,赶时间（通勤或赶飞机）,普通车辆
15944,雨天,夜晚,干燥,无车辆,儿童,车道右侧,10米,50km/h,卡车,赶时间（通勤或赶飞机）,普通车辆
15949,雨天,夜晚,干燥,无车辆,成年人,车道中间,10米,50km/h,普通车辆,无特殊需求,无
15956,雨天,夜晚,干燥,无车辆,儿童,车道右侧,10米,50km/h,普通车辆,无特殊需求,普通车辆
15957,雨天,夜晚,干燥,无车辆,成年人,车道中间,10米,50km/h,普通车辆,无特殊需求,应急车辆
15962,雨天,夜晚,干燥,无车辆,成年人,车道右侧,10米,50km/h,应急车辆,无特殊需求,无
15979,雨天,夜晚,干燥,无车辆,儿童,车道中间,10米,50km/h,卡车,无特殊需求,普通车辆
16039,雨天,夜晚,干燥,无车辆,儿童,车道中间,50米,50km/h,应急车辆,赶时间（通勤或赶飞机）,普通车辆
16047,雨天,夜晚,干燥,无车辆,儿童,车道中间,50米,50km/h,卡车,赶时间（通勤或赶飞机）,无
16072,雨天,夜晚,干燥,无车辆,儿童,车道右侧,50米,50km/h,应急车辆,无特殊需求,无
16089,雨天,夜晚,干燥,无车辆,成年人,车道中间,50米,50km/h,卡车,无特殊需求,应急车辆
16092,雨天,夜晚,干燥,无车辆,儿童,车道右侧,50米,50km/h,卡车,无特殊需求,应急车辆
16093,雨天,夜晚,干燥,无车辆,成年人,车道中间,100米,50km/h,普通车辆,紧急（去医院）,无
16106,雨天,夜晚,干燥,无车辆,成年人,车道右侧,100米,50km/h,应急车辆,紧急（去医院）,无
16117,雨天,夜晚,干燥,无车辆,成年人,车道中间,100米,50km/h,卡车,紧急（去医院）,无
16123,雨天,夜晚,干燥,无车辆,儿童,车道中间,100米,50km/h,卡车,紧急（去医院）,普通车辆
16129,雨天,夜晚,干燥,无车辆,成年人,车道中间,100米,50km/h,普通车辆,赶时间（通勤或赶飞机）,无
16131,雨天,夜晚,干燥,无车辆,儿童,车道中间,100米,50km/h,普通车辆,赶时间（通勤或赶飞机）,无
16132,雨天,夜晚,干燥,无车辆,儿童,车道右侧,100米,50km/h,普通车辆,赶时间（通勤或赶飞机）,无
16170,雨天,夜晚,干燥,无车辆,成年人,车道右侧,100米,50km/h,普通车辆,无特殊需求,普通车辆
16182,雨天,夜晚,干燥,无车辆,成年人,车道右侧,100米,50km/h,应急车辆,无特殊需求,普通车辆
16189,雨天,夜晚,干燥,无车辆,成年人,车道中间,100米,50km/h,卡车,无特殊需求,无
16196,雨天,夜晚,干燥,无车辆,儿童,车道右侧,100米,50km/h,卡车,无特殊需求,普通车辆
16243,雨天,夜晚,干燥,100米,儿童,车道中间,10米,25km/h,普通车辆,赶时间（通勤或赶飞机）,普通车辆
16268,雨天,夜晚,干燥,100米,儿童,车道右侧,10米,25km/h,卡车,赶时间（通勤或赶飞机）,普通车辆
16271,雨天,夜晚,干燥,100米,儿童,车道中间,10米,25km/h,卡车,赶时间（通勤或赶飞机）,应急车辆
16307,雨天,夜晚,干燥,100米,儿童,车道中间,10米,25km/h,卡车,无特殊需求,应急车辆
16376,雨天,夜晚,干燥,100米,儿童,车道右侧,50米,25km/h,卡车,赶时间（通勤或赶飞机）,普通车辆
16388,雨天,夜晚,干燥,100米,儿童,车道右侧,50米,25km/h,普通车辆,无特殊需求,普通车辆
16422,雨天,夜晚,干燥,100米,成年人,车道右侧,100米,25km/h,普通车辆,紧急（去医院）,普通车辆
16425,雨天,夜晚,干燥,100米,成年人,车道中间,100米,25km/h,普通车辆,紧急（去医院）,应急车辆
16466,雨天,夜晚,干燥,100米,成年人,车道右侧,100米,25km/h,应急车辆,赶时间（通勤或赶飞机）,无
16467,雨天,夜晚,干燥,100米,儿童,车道中间,100米,25km/h,应急车辆,赶时间（通勤或赶飞机）,无
16472,雨天,夜晚,干燥,100米,儿童,车道右侧,100米,25km/h,应急车辆,赶时间（通勤或赶飞机）,普通车辆
16476,雨天,夜晚,干燥,100米,儿童,车道右侧,100米,25km/h,应急车辆,赶时间（通勤或赶飞机）,应急车辆
16478,雨天,夜晚,干燥,100米,成年人,车道右侧,100米,25km/h,卡车,赶时间（通勤或赶飞机）,无
16485,雨天,夜晚,干燥,100米,成年人,车道中间,100米,25km/h,卡车,赶时间（通勤或赶飞机）,应急车辆
16505,雨天,夜晚,干燥,100米,成年人,车道中间,100米,25km/h,应急车辆,无特殊需求,普通车辆
16506,雨天,夜晚,干燥,100米,成年人,车道右侧,100米,25km/h,应急车辆,无特殊需求,普通车辆
16508,雨天,夜晚,干燥,100米,儿童,车道右侧,100米,25km/h,应急车辆,无特殊需求,普通车辆
16519,雨天,夜晚,干燥,100米,儿童,车道中间,100米,25km/h,卡车,无特殊需求,普通车辆
16521,雨天,夜晚,干燥,100米,成年人,车道中间,100米,25km/h,卡车,无特殊需求,应急车辆
16533,雨天,夜晚,干燥,100米,成年人,车道中间,10米,50km/h,普通车辆,紧急（去医院）,应急车辆
16537,雨天,夜晚,干燥,100米,成年人,车道中间,10米,50km/h,应急车辆,紧急（去医院）,无
16562,雨天,夜晚,干燥,100米,成年人,车道右侧,10米,50km/h,普通车辆,赶时间（通勤或赶飞机）,无
16587,雨天,夜晚,干燥,100米,儿童,车道中间,10米,50km/h,卡车,赶时间（通勤或赶飞机）,无
16592,雨天,夜晚,干燥,100米,儿童,车道右侧,10米,50km/h,卡车,赶时间（通勤或赶飞机）,普通车辆
16602,雨天,夜晚,干燥,100米,成年人,车道右侧,10米,50km/h,普通车辆,无特殊需求,普通车辆
16603,雨天,夜晚,干燥,100米,儿童,车道中间,10米,50km/h,普通车辆,无特殊需求,普通车辆
16642,雨天,夜晚,干燥,100米,成年人,车道右侧,50米,50km/h,普通车辆,紧急（去医院）,应急车辆
16644,雨天,夜晚,干燥,100米,儿童,车道右侧,50米,50km/h,普通车辆,紧急（去医院）,应急车辆
16646,雨天,夜晚,干燥,100米,成年人,车道右侧,50米,50km/h,应急车辆,紧急（去医院）,无
16661,雨天,夜晚,干燥,100米,成年人,车道中间,50米,50km/h,卡车,紧急（去医院）,普通车辆
16699,雨天,夜晚,干燥,100米,儿童,车道中间,50米,50km/h,卡车,赶时间（通勤或赶飞机）,普通车辆
16707,雨天,夜晚,干燥,100米,儿童,车道中间,50米,50km/h,普通车辆,无特殊需求,无
16715,雨天,夜晚,干燥,100米,儿童,车道中间,50米,50km/h,普通车辆,无特殊需求,应急车辆
16722,雨天,夜晚,干燥,100米,成年人,车道右侧,50米,50km/h,应急车辆,无特殊需求,普通车辆
16736,雨天,夜晚,干燥,100米,儿童,车道右侧,50米,50km/h,卡车,无特殊需求,普通车辆
16745,雨天,夜晚,干燥,100米,成年人,车道中间,100米,50km/h,普通车辆,紧急（去医院）,普通车辆
16771,雨天,夜晚,干燥,100米,儿童,车道中间,100米,50km/h,卡车,紧急（去医院）,普通车辆
16774,雨天,夜晚,干燥,100米,成年人,车道右侧,100米,50km/h,卡车,紧急（去医院）,应急车辆
16778,雨天,夜晚,干燥,100米,成年人,车道右侧,100米,50km/h,普通车辆,赶时间（通勤或赶飞机）,无
16788,雨天,夜晚,干燥,100米,儿童,车道右侧,100米,50km/h,普通车辆,赶时间（通勤或赶飞机）,应急车辆
16796,雨天,夜晚,干燥,100米,儿童,车道右侧,100米,50km/h,应急车辆,赶时间（通勤或赶飞机）,普通车辆
16800,雨天,夜晚,干燥,100米,儿童,车道右侧,100米,50km/h,应急车辆,赶时间（通勤或赶飞机）,应急车辆
16802,雨天,夜晚,干燥,100米,成年人,车道右侧,100米,50km/h,卡车,赶时间（通勤或赶飞机）,无
16831,雨天,夜晚,干燥,100米,儿童,车道中间,100米,50km/h,应急车辆,无特殊需求,普通车辆
16883,雨天,夜晚,干燥,50米,儿童,车道中间,10米,25km/h,卡车,紧急（去医院）,应急车辆
16919,雨天,夜晚,干燥,50米,儿童,车道中间,10米,25km/h,卡车,赶时间（通勤或赶飞机）,应急车辆
16934,雨天,夜晚,干燥,50米,成年人,车道右侧,10米,25km/h,应急车辆,无特殊需求,无
16936,雨天,夜晚,干燥,50米,儿童,车道右侧,10米,25km/h,应急车辆,无特殊需求,无
16974,雨天,夜晚,干燥,50米,成年人,车道右侧,50米,25km/h,应急车辆,紧急（去医院）,普通车辆
16994,雨天,夜晚,干燥,50米,成年人,车道右侧,50米,25km/h,普通车辆,赶时间（通勤或赶飞机）,无
17006,雨天,夜晚,干燥,50米,成年人,车道右侧,50米,25km/h,应急车辆,赶时间（通勤或赶飞机）,无
17017,雨天,夜晚,干燥,50米,成年人,车道中间,50米,25km/h,卡车,赶时间（通勤或赶飞机）,无
17033,雨天,夜晚,干燥,50米,成年人,车道中间,50米,25km/h,普通车辆,无特殊需求,普通车辆
17039,雨天,夜晚,干燥,50米,儿童,车道中间,50米,25km/h,普通车辆,无特殊需求,应急车辆
17040,雨天,夜晚,干燥,50米,儿童,车道右侧,50米,25km/h,普通车辆,无特殊需求,应急车辆
17046,雨天,夜晚,干燥,50米,成年人,车道右侧,50米,25km/h,应急车辆,无特殊需求,普通车辆
17050,雨天,夜晚,干燥,50米,成年人,车道右侧,50米,25km/h,应急车辆,无特殊需求,应急车辆
17066,雨天,夜晚,干燥,50米,成年人,车道右侧,100米,25km/h,普通车辆,紧急（去医院）,无
17107,雨天,夜晚,干燥,50米,儿童,车道中间,100米,25km/h,普通车辆,赶时间（通勤或赶飞机）,普通车辆
17108,雨天,夜晚,干燥,50米,儿童,车道右侧,100米,25km/h,普通车辆,赶时间（通勤或赶飞机）,普通车辆
17109,雨天,夜晚,干燥,50米,成年人,车道中间,100米,25km/h,普通车辆,赶时间（通勤或赶飞机）,应急车辆
17111,雨天,夜晚,干燥,50米,儿童,车道中间,100米,25km/h,普通车辆,赶时间（通勤或赶飞机）,应急车辆
17116,雨天,夜晚,干燥,50米,儿童,车道右侧,100米,25km/h,应急车辆,赶时间（通勤或赶飞机）,无
17119,雨天,夜晚,干燥,50米,儿童,车道中间,100米,25km/h,应急车辆,赶时间（通勤或赶飞机）,普通车辆
17149,雨天,夜晚,干燥,50米,成年人,车道中间,100米,25km/h,应急车辆,无特殊需求,无
17167,雨天,夜晚,干燥,50米,儿童,车道中间,100米,25km/h,卡车,无特殊需求,普通车辆
17190,雨天,夜晚,干燥,50米,成年人,车道右侧,10米,50km/h,应急车辆,紧急（去医院）,普通车辆
17194,雨天,夜晚,干燥,50米,成年人,车道右侧,10米,50km/h,应急车辆,紧急（去医院）,应急车辆
17218,雨天,夜晚,干燥,50米,成年人,车道右侧,10米,50km/h,普通车辆,赶时间（通勤或赶飞机）,应急车辆
17236,雨天,夜晚,干燥,50米,儿童,车道右侧,10米,50km/h,卡车,赶时间（通勤或赶飞机）,无
17240,雨天,夜晚,干燥,50米,儿童,车道右侧,10米,50km/h,卡车,赶时间（通勤或赶飞机）,普通车辆
17243,雨天,夜晚,干燥,50米,儿童,车道中间,10米,50km/h,卡车,赶时间（通勤或赶飞机）,应急车辆
17249,雨天,夜晚,干燥,50米,成年人,车道中间,10米,50km/h,普通车辆,无特殊需求,普通车辆
17257,雨天,夜晚,干燥,50米,成年人,车道中间,10米,50km/h,应急车辆,无特殊需求,无
17260,雨天,夜晚,干燥,50米,儿童,车道右侧,10米,50km/h,应急车辆,无特殊需求,无
17284,雨天,夜晚,干燥,50米,儿童,车道右侧,50米,50km/h,普通车辆,紧急（去医院）,无
17306,雨天,夜晚,干燥,50米,成年人,车道右侧,50米,50km/h,卡车,紧急（去医院）,无
17319,雨天,夜晚,干燥,50米,儿童,车道中间,50米,50km/h,普通车辆,赶时间（通勤或赶飞机）,无
17343,雨天,夜晚,干燥,50米,儿童,车道中间,50米,50km/h,卡车,赶时间（通勤或赶飞机）,无
17375,雨天,夜晚,干燥,50米,儿童,车道中间,50米,50km/h,应急车辆,无特殊需求,应急车辆
17409,雨天,夜晚,干燥,50米,成年人,车道中间,100米,50km/h,应急车辆,紧急（去医院）,应急车辆
17429,雨天,夜晚,干燥,50米,成年人,车道中间,100米,50km/h,普通车辆,赶时间（通勤或赶飞机）,普通车辆
17434,雨天,夜晚,干燥,50米,成年人,车道右侧,100米,50km/h,普通车辆,赶时间（通勤或赶飞机）,应急车辆
17438,雨天,夜晚,干燥,50米,成年人,车道右侧,100米,50km/h,应急车辆,赶时间（通勤或赶飞机）,无
17456,雨天,夜晚,干燥,50米,儿童,车道右侧,100米,50km/h,卡车,赶时间（通勤或赶飞机）,普通车辆
17501,雨天,夜晚,干燥,20米,成年人,车道中间,10米,25km/h,普通车辆,紧急（去医院）,普通车辆
17510,雨天,夜晚,干燥,20米,成年人,车道右侧,10米,25km/h,应急车辆,紧急（去医院）,无
17528,雨天,夜晚,干燥,20米,儿童,车道右侧,10米,25km/h,卡车,紧急（去医院）,普通车辆
17545,雨天,夜晚,干燥,20米,成年人,车道中间,10米,25km/h,应急车辆,赶时间（通勤或赶飞机）,无
17555,雨天,夜晚,干燥,20米,儿童,车道中间,10米,25km/h,应急车辆,赶时间（通勤或赶飞机）,应急车辆
17559,雨天,夜晚,干燥,20米,儿童,车道中间,10米,25km/h,卡车,赶时间（通勤或赶飞机）,无
17567,雨天,夜晚,干燥,20米,儿童,车道中间,10米,25km/h,卡车,赶时间（通勤或赶飞机）,应急车辆
17568,雨天,夜晚,干燥,20米,儿童,车道右侧,10米,25km/h,卡车,赶时间（通勤或赶飞机）,应急车辆
17578,雨天,夜晚,干燥,20米,成年人,车道右侧,10米,25km/h,普通车辆,无特殊需求,应急车辆
17581,雨天,夜晚,干燥,20米,成年人,车道中间,10米,25km/h,应急车辆,无特殊需求,无
17591,雨天,夜晚,干燥,20米,儿童,车道中间,10米,25km/h,应急车辆,无特殊需求,应急车辆
17607,雨天,夜晚,干燥,20米,儿童,车道中间,50米,25km/h,普通车辆,紧急（去医院）,无
17608,雨天,夜晚,干燥,20米,儿童,车道右侧,50米,25km/h,普通车辆,紧急（去医院）,无
17616,雨天,夜晚,干燥,20米,儿童,车道右侧,50米,25km/h,普通车辆,紧急（去医院）,应急车辆
17647,雨天,夜晚,干燥,20米,儿童,车道中间,50米,25km/h,普通车辆,赶时间（通勤或赶飞机）,普通车辆
17663,雨天,夜晚,干燥,20米,儿童,车道中间,50米,25km/h,应急车辆,赶时间（通勤或赶飞机）,应急车辆
17678,雨天,夜晚,干燥,20米,成年人,车道右侧,50米,25km/h,普通车辆,无特殊需求,无
17695,雨天,夜晚,干燥,20米,儿童,车道中间,50米,25km/h,应急车辆,无特殊需求,普通车辆
17696,雨天,夜晚,干燥,20米,儿童,车道右侧,50米,25km/h,应急车辆,无特殊需求,普通车辆
17702,雨天,夜晚,干燥,20米,成年人,车道右侧,50米,25km/h,卡车,无特殊需求,无
17708,雨天,夜晚,干燥,20米,儿童,车道右侧,50米,25km/h,卡车,无特殊需求,普通车辆
17723,雨天,夜晚,干燥,20米,儿童,车道中间,100米,25km/h,普通车辆,紧急（去医院）,应急车辆
17729,雨天,夜晚,干燥,20米,成年人,车道中间,100米,25km/h,应急车辆,紧急（去医院）,普通车辆
17734,雨天,夜晚,干燥,20米,成年人,车道右侧,100米,25km/h,应急车辆,紧急（去医院）,应急车辆
17736,雨天,夜晚,干燥,20米,儿童,车道右侧,100米,25km/h,应急车辆,紧急（去医院）,应急车辆
17768,雨天,夜晚,干燥,20米,儿童,车道右侧,100米,25km/h,应急车辆,赶时间（通勤或赶飞机）,普通车辆
17787,雨天,夜晚,干燥,20米,儿童,车道中间,100米,25km/h,普通车辆,无特殊需求,无
17831,雨天,夜晚,干燥,20米,儿童,车道中间,10米,50km/h,普通车辆,紧急（去医院）,应急车辆
17838,雨天,夜晚,干燥,20米,成年人,车道右侧,10米,50km/h,应急车辆,紧急（去医院）,普通车辆
17874,雨天,夜晚,干燥,20米,成年人,车道右侧,10米,50km/h,应急车辆,赶时间（通勤或赶飞机）,普通车辆
17888,雨天,夜晚,干燥,20米,儿童,车道右侧,10米,50km/h,卡车,赶时间（通勤或赶飞机）,普通车辆
17892,雨天,夜晚,干燥,20米,儿童,车道右侧,10米,50km/h,卡车,赶时间（通勤或赶飞机）,应急车辆
17899,雨天,夜晚,干燥,20米,儿童,车道中间,10米,50km/h,普通车辆,无特殊需求,普通车辆
17914,雨天,夜晚,干燥,20米,成年人,车道右侧,10米,50km/h,应急车辆,无特殊需求,应急车辆
17915,雨天,夜晚,干燥,20米,儿童,车道中间,10米,50km/h,应急车辆,无特殊需求,应急车辆
17929,雨天,夜晚,干燥,20米,成年人,车道中间,50米,50km/h,普通车辆,紧急（去医院）,无
17963,雨天,夜晚,干燥,20米,儿童,车道中间,50米,50km/h,卡车,紧急（去医院）,应急车辆
17965,雨天,夜晚,干燥,20米,成年人,车道中间,50米,50km/h,普通车辆,赶时间（通勤或赶飞机）,无
17968,雨天,夜晚,干燥,20米,儿童,车道右侧,50米,50km/h,普通车辆,赶时间（通勤或赶飞机）,无
17971,雨天,夜晚,干燥,20米,儿童,车道中间,50米,50km/h,普通车辆,赶时间（通勤或赶飞机）,普通车辆
17987,雨天,夜晚,干燥,20米,儿童,车道中间,50米,50km/h,应急车辆,赶时间（通勤或赶飞机）,应急车辆
18010,雨天,夜晚,干燥,20米,成年人,车道右侧,50米,50km/h,普通车辆,无特殊需求,应急车辆
18036,雨天,夜晚,干燥,20米,儿童,车道右侧,50米,50km/h,卡车,无特殊需求,应急车辆
18047,雨天,夜晚,干燥,20米,儿童,车道中间,100米,50km/h,普通车辆,紧急（去医院）,应急车辆
18062,雨天,夜晚,干燥,20米,成年人,车道右侧,100米,50km/h,卡车,紧急（去医院）,无
18063,雨天,夜晚,干燥,20米,儿童,车道中间,100米,50km/h,卡车,紧急（去医院）,无
18064,雨天,夜晚,干燥,20米,儿童,车道右侧,100米,50km/h,卡车,紧急（去医院）,无
18090,雨天,夜晚,干燥,20米,成年人,车道右侧,100米,50km/h,应急车辆,赶时间（通勤或赶飞机）,普通车辆
18096,雨天,夜晚,干燥,20米,儿童,车道右侧,100米,50km/h,应急车辆,赶时间（通勤或赶飞机）,应急车辆
18102,雨天,夜晚,干燥,20米,成年人,车道右侧,100米,50km/h,卡车,赶时间（通勤或赶飞机）,普通车辆
18108,雨天,夜晚,干燥,20米,儿童,车道右侧,100米,50km/h,卡车,赶时间（通勤或赶飞机）,应急车辆
18111,雨天,夜晚,干燥,20米,儿童,车道中间,100米,50km/h,普通车辆,无特殊需求,无
18115,雨天,夜晚,干燥,20米,儿童,车道中间,100米,50km/h,普通车辆,无特殊需求,普通车辆
18127,雨天,夜晚,干燥,20米,儿童,车道中间,100米,50km/h,应急车辆,无特殊需求,普通车辆
18146,雨天,夜晚,潮湿,无车辆,成年人,车道右侧,10米,25km/h,普通车辆,紧急（去医院）,无
18148,雨天,夜晚,潮湿,无车辆,儿童,车道右侧,10米,25km/h,普通车辆,紧急（去医院）,无
18165,雨天,夜晚,潮湿,无车辆,成年人,车道中间,10米,25km/h,应急车辆,紧急（去医院）,应急车辆
18178,雨天,夜晚,潮湿,无车辆,成年人,车道右侧,10米,25km/h,卡车,紧急（去医院）,应急车辆
18183,雨天,夜晚,潮湿,无车辆,儿童,车道中间,10米,25km/h,普通车辆,赶时间（通勤或赶飞机）,无
18211,雨天,夜晚,潮湿,无车辆,儿童,车道中间,10米,25km/h,卡车,赶时间（通勤或赶飞机）,普通车辆
18213,雨天,夜晚,潮湿,无车辆,成年人,车道中间,10米,25km/h,卡车,赶时间（通勤或赶飞机）,应急车辆
18221,雨天,夜晚,潮湿,无车辆,成年人,车道中间,10米,25km/h,普通车辆,无特殊需求,普通车辆
18257,雨天,夜晚,潮湿,无车辆,成年人,车道中间,50米,25km/h,普通车辆,紧急（去医院）,普通车辆
18258,雨天,夜晚,潮湿,无车辆,成年人,车道右侧,50米,25km/h,普通车辆,紧急（去医院）,普通车辆
18259,雨天,夜晚,潮湿,无车辆,儿童,车道中间,50米,25km/h,普通车辆,紧急（去医院）,普通车辆
18266,雨天,夜晚,潮湿,无车辆,成年人,车道右侧,50米,25km/h,应急车辆,紧急（去医院）,无
18276,雨天,夜晚,潮湿,无车辆,儿童,车道右侧,50米,25km/h,应急车辆,紧急（去医院）,应急车辆
18290,雨天,夜晚,潮湿,无车辆,成年人,车道右侧,50米,25km/h,普通车辆,赶时间（通勤或赶飞机）,无
18296,雨天,夜晚,潮湿,无车辆,儿童,车道右侧,50米,25km/h,普通车辆,赶时间（通勤或赶飞机）,普通车辆
18330,雨天,夜晚,潮湿,无车辆,成年人,车道右侧,50米,25km/h,普通车辆,无特殊需求,普通车辆
18335,雨天,夜晚,潮湿,无车辆,儿童,车道中间,50米,25km/h,普通车辆,无特殊需求,应急车辆
18342,雨天,夜晚,潮湿,无车辆,成年人,车道右侧,50米,25km/h,应急车辆,无特殊需求,普通车辆
18349,雨天,夜晚,潮湿,无车辆,成年人,车道中间,50米,25km/h,卡车,无特殊需求,无
18351,雨天,夜晚,潮湿,无车辆,儿童,车道中间,50米,25km/h,卡车,无特殊需求,无
18357,雨天,夜晚,潮湿,无车辆,成年人,车道中间,50米,25km/h,卡车,无特殊需求,应急车辆
18377,雨天,夜晚,潮湿,无车辆,成年人,车道中间,100米,25km/h,应急车辆,紧急（去医院）,普通车辆
18383,雨天,夜晚,潮湿,无车辆,儿童,车道中间,100米,25km/h,应急车辆,紧急（去医院）,应急车辆
18394,雨天,夜晚,潮湿,无车辆,成年人,车道右侧,100米,25km/h,卡车,紧急（去医院）,应急车辆
18424,雨天,夜晚,潮湿,无车辆,儿童,车道右侧,100米,25km/h,卡车,赶时间（通勤或赶飞机）,无
18431,雨天,夜晚,潮湿,无车辆,儿童,车道中间,100米,25km/h,卡车,赶时间（通勤或赶飞机）,应急车辆
18454,雨天,夜晚,潮湿,无车辆,成年人,车道右侧,100米,25km/h,应急车辆,无特殊需求,应急车辆
18456,雨天,夜晚,潮湿,无车辆,儿童,车道右侧,100米,25km/h,应急车辆,无特殊需求,应急车辆
18466,雨天,夜晚,潮湿,无车辆,成年人,车道右侧,100米,25km/h,卡车,无特殊需求,应急车辆
18489,雨天,夜晚,潮湿,无车辆,成年人,车道中间,10米,50km/h,应急车辆,紧急（去医院）,应急车辆
18537,雨天,夜晚,潮湿,无车辆,成年人,车道中间,10米,50km/h,卡车,赶时间（通勤或赶飞机）,应急车辆
18551,雨天,夜晚,潮湿,无车辆,儿童,车道中间,10米,50km/h,普通车辆,无特殊需求,应急车辆
18555,雨天,夜晚,潮湿,无车辆,儿童,车道中间,10米,50km/h,应急车辆,无特殊需求,无
18558,雨天,夜晚,潮湿,无车辆,成年人,车道右侧,10米,50km/h,应急车辆,无特殊需求,普通车辆
18570,雨天,夜晚,潮湿,无车辆,成年人,车道右侧,10米,50km/h,卡车,无特殊需求,普通车辆
18603,雨天,夜晚,潮湿,无车辆,儿童,车道中间,50米,50km/h,卡车,紧急（去医院）,无
18606,雨天,夜晚,潮湿,无车辆,成年人,车道右侧,50米,50km/h,卡车,紧急（去医院）,普通车辆
18620,雨天,夜晚,潮湿,无车辆,儿童,车道右侧,50米,50km/h,普通车辆,赶时间（通勤或赶飞机）,普通车辆
18623,雨天,夜晚,潮湿,无车辆,儿童,车道中间,50米,50km/h,普通车辆,赶时间（通勤或赶飞机）,应急车辆
18636,雨天,夜晚,潮湿,无车辆,儿童,车道右侧,50米,50km/h,应急车辆,赶时间（通勤或赶飞机）,应急车辆
18649,雨天,夜晚,潮湿,无车辆,成年人,车道中间,50米,50km/h,普通车辆,无特殊需求,无
18657,雨天,夜晚,潮湿,无车辆,成年人,车道中间,50米,50km/h,普通车辆,无特殊需求,应急车辆
18666,雨天,夜晚,潮湿,无车辆,成年人,车道右侧,50米,50km/h,应急车辆,无特殊需求,普通车辆
18671,雨天,夜晚,潮湿,无车辆,儿童,车道中间,50米,50km/h,应急车辆,无特殊需求,应急车辆
18688,雨天,夜晚,潮湿,无车辆,儿童,车道右侧,100米,50km/h,普通车辆,紧急（去医院）,无
18697,雨天,夜晚,潮湿,无车辆,成年人,车道中间,100米,50km/h,应急车辆,紧急（去医院）,无
18699,雨天,夜晚,潮湿,无车辆,儿童,车道中间,100米,50km/h,应急车辆,紧急（去医院）,无
18701,雨天,夜晚,潮湿,无车辆,成年人,车道中间,100米,50km/h,应急车辆,紧急（去医院）,普通车辆
18724,雨天,夜晚,潮湿,无车辆,儿童,车道右侧,100米,50km/h,普通车辆,赶时间（通勤或赶飞机）,无
18760,雨天,夜晚,潮湿,无车辆,儿童,车道右侧,100米,50km/h,普通车辆,无特殊需求,无
18761,雨天,夜晚,潮湿,无车辆,成年人,车道中间,100米,50km/h,普通车辆,无特殊需求,普通车辆
18762,雨天,夜晚,潮湿,无车辆,成年人,车道右侧,100米,50km/h,普通车辆,无特殊需求,普通车辆
18766,雨天,夜晚,潮湿,无车辆,成年人,车道右侧,100米,50km/h,普通车辆,无特殊需求,应急车辆
18779,雨天,夜晚,潮湿,无车辆,儿童,车道中间,100米,50km/h,应急车辆,无特殊需求,应急车辆
18793,雨天,夜晚,潮湿,100米,成年人,车道中间,10米,25km/h,普通车辆,紧急（去医院）,无
18796,雨天,夜晚,潮湿,100米,儿童,车道右侧,10米,25km/h,普通车辆,紧急（去医院）,无
18808,雨天,夜晚,潮湿,100米,儿童,车道右侧,10米,25km/h,应急车辆,紧急（去医院）,无
18822,雨天,夜晚,潮湿,100米,成年人,车道右侧,10米,25km/h,卡车,紧急（去医院）,普通车辆
18826,雨天,夜晚,潮湿,100米,成年人,车道右侧,10米,25km/h,卡车,紧急（去医院）,应急车辆
18834,雨天,夜晚,潮湿,100米,成年人,车道右侧,10米,25km/h,普通车辆,赶时间（通勤或赶飞机）,普通车辆
18837,雨天,夜晚,潮湿,100米,成年人,车道中间,10米,25km/h,普通车辆,赶时间（通勤或赶飞机）,应急车辆
18841,雨天,夜晚,潮湿,100米,成年人,车道中间,10米,25km/h,应急车辆,赶时间（通勤或赶飞机）,无
18861,雨天,夜晚,潮湿,100米,成年人,车道中间,10米,25km/h,卡车,赶时间（通勤或赶飞机）,应急车辆
18863,雨天,夜晚,潮湿,100米,儿童,车道中间,10米,25km/h,卡车,赶时间（通勤或赶飞机）,应急车辆
18879,雨天,夜晚,潮湿,100米,儿童,车道中间,10米,25km/h,应急车辆,无特殊需求,无
18883,雨天,夜晚,潮湿,100米,儿童,车道中间,10米,25km/h,应急车辆,无特殊需求,普通车辆
18958,雨天,夜晚,潮湿,100米,成年人,车道右侧,50米,25km/h,应急车辆,赶时间（通勤或赶飞机）,应急车辆
18980,雨天,夜晚,潮湿,100米,儿童,车道右侧,50米,25km/h,普通车辆,无特殊需求,普通车辆
19019,雨天,夜晚,潮湿,100米,儿童,车道中间,100米,25km/h,普通车辆,紧急（去医院）,应急车辆
19026,雨天,夜晚,潮湿,100米,成年人,车道右侧,100米,25km/h,应急车辆,紧急（去医院）,普通车辆
19055,雨天,夜晚,潮湿,100米,儿童,车道中间,100米,25km/h,普通车辆,赶时间（通勤或赶飞机）,应急车辆
19059,雨天,夜晚,潮湿,100米,儿童,车道中间,100米,25km/h,应急车辆,赶时间（通勤或赶飞机）,无
19072,雨天,夜晚,潮湿,100米,儿童,车道右侧,100米,25km/h,卡车,赶时间（通勤或赶飞机）,无
19085,雨天,夜晚,潮湿,100米,成年人,车道中间,100米,25km/h,普通车辆,无特殊需求,普通车辆
19090,雨天,夜晚,潮湿,100米,成年人,车道右侧,100米,25km/h,普通车辆,无特殊需求,应急车辆
19127,雨天,夜晚,潮湿,100米,儿童,车道中间,10米,50km/h,普通车辆,紧急（去医院）,应急车辆
19134,雨天,夜晚,潮湿,100米,成年人,车道右侧,10米,50km/h,应急车辆,紧急（去医院）,普通车辆
19136,雨天,夜晚,潮湿,100米,儿童,车道右侧,10米,50km/h,应急车辆,紧急（去医院）,普通车辆
19144,雨天,夜晚,潮湿,100米,儿童,车道右侧,10米,50km/h,卡车,紧急（去医院）,无
19151,雨天,夜晚,潮湿,100米,儿童,车道中间,10米,50km/h,卡车,紧急（去医院）,应急车辆
19169,雨天,夜晚,潮湿,100米,成年人,车道中间,10米,50km/h,应急车辆,赶时间（通勤或赶飞机）,普通车辆
19170,雨天,夜晚,潮湿,100米,成年人,车道右侧,10米,50km/h,应急车辆,赶时间（通勤或赶飞机）,普通车辆
19181,雨天,夜晚,潮湿,100米,成年人,车道中间,10米,50km/h,卡车,赶时间（通勤或赶飞机）,普通车辆
19183,雨天,夜晚,潮湿,100米,儿童,车道中间,10米,50km/h,卡车,赶时间（通勤或赶飞机）,普通车辆
19192,雨天,夜晚,潮湿,100米,儿童,车道右侧,10米,50km/h,普通车辆,无特殊需求,无
19206,雨天,夜晚,潮湿,100米,成年人,车道右侧,10米,50km/h,应急车辆,无特殊需求,普通车辆
19208,雨天,夜晚,潮湿,100米,儿童,车道右侧,10米,50km/h,应急车辆,无特殊需求,普通车辆
19243,雨天,夜晚,潮湿,100米,儿童,车道中间,50米,50km/h,应急车辆,紧急（去医院）,普通车辆
19260,雨天,夜晚,潮湿,100米,儿童,车道右侧,50米,50km/h,卡车,紧急（去医院）,应急车辆
19267,雨天,夜晚,潮湿,100米,儿童,车道中间,50米,50km/h,普通车辆,赶时间（通勤或赶飞机）,普通车辆
19268,雨天,夜晚,潮湿,100米,儿童,车道右侧,50米,50km/h,普通车辆,赶时间（通勤或赶飞机）,普通车辆
19271,雨天,夜晚,潮湿,100米,儿童,车道中间,50米,50km/h,普通车辆,赶时间（通勤或赶飞机）,应急车辆
19282,雨天,夜晚,潮湿,100米,成年人,车道右侧,50米,50km/h,应急车辆,赶时间（通勤或赶飞机）,应急车辆
19299,雨天,夜晚,潮湿,100米,儿童,车道中间,50米,50km/h,普通车辆,无特殊需求,无
19301,雨天,夜晚,潮湿,100米,成年人,车道中间,50米,50km/h,普通车辆,无特殊需求,普通车辆
19313,雨天,夜晚,潮湿,100米,成年人,车道中间,50米,50km/h,应急车辆,无特殊需求,普通车辆
19315,雨天,夜晚,潮湿,100米,儿童,车道中间,50米,50km/h,应急车辆,无特殊需求,普通车辆
19320,雨天,夜晚,潮湿,100米,儿童,车道右侧,50米,50km/h,应急车辆,无特殊需求,应急车辆
19332,雨天,夜晚,潮湿,100米,儿童,车道右侧,50米,50km/h,卡车,无特殊需求,应急车辆
19333,雨天,夜晚,潮湿,100米,成年人,车道中间,100米,50km/h,普通车辆,紧急（去医院）,无
19337,雨天,夜晚,潮湿,100米,成年人,车道中间,100米,50km/h,普通车辆,紧急（去医院）,普通车辆
19353,雨天,夜晚,潮湿,100米,成年人,车道中间,100米,50km/h,应急车辆,紧急（去医院）,应急车辆
19368,雨天,夜晚,潮湿,100米,儿童,车道右侧,100米,50km/h,卡车,紧急（去医院）,应急车辆
19374,雨天,夜晚,潮湿,100米,成年人,车道右侧,100米,50km/h,普通车辆,赶时间（通勤或赶飞机）,普通车辆
19432,雨天,夜晚,潮湿,100米,儿童,车道右侧,100米,50km/h,卡车,无特殊需求,无
19442,雨天,夜晚,潮湿,50米,成年人,车道右侧,10米,25km/h,普通车辆,紧急（去医院）,无
19450,雨天,夜晚,潮湿,50米,成年人,车道右侧,10米,25km/h,普通车辆,紧急（去医院）,应急车辆
19461,雨天,夜晚,潮湿,50米,成年人,车道中间,10米,25km/h,应急车辆,紧急（去医院）,应急车辆
19482,雨天,夜晚,潮湿,50米,成年人,车道右侧,10米,25km/h,普通车辆,赶时间（通勤或赶飞机）,普通车辆
19530,雨天,夜晚,潮湿,50米,成年人,车道右侧,10米,25km/h,应急车辆,无特殊需求,普通车辆
19547,雨天,夜晚,潮湿,50米,儿童,车道中间,10米,25km/h,卡车,无特殊需求,应急车辆
19560,雨天,夜晚,潮湿,50米,儿童,车道右侧,50米,25km/h,普通车辆,紧急（去医院）,应急车辆
19571,雨天,夜晚,潮湿,50米,儿童,车道中间,50米,25km/h,应急车辆,紧急（去医院）,应急车辆
19573,雨天,夜晚,潮湿,50米,成年人,车道中间,50米,25km/h,卡车,紧急（去医院）,无
19612,雨天,夜晚,潮湿,50米,儿童,车道右侧,50米,25km/h,卡车,赶时间（通勤或赶飞机）,无
19635,雨天,夜晚,潮湿,50米,儿童,车道中间,50米,25km/h,应急车辆,无特殊需求,无
19646,雨天,夜晚,潮湿,50米,成年人,车道右侧,50米,25km/h,卡车,无特殊需求,无
19653,雨天,夜晚,潮湿,50米,成年人,车道中间,50米,25km/h,卡车,无特殊需求,应急车辆
19658,雨天,夜晚,潮湿,50米,成年人,车道右侧,100米,25km/h,普通车辆,紧急（去医院）,无
19710,雨天,夜晚,潮湿,50米,成年人,车道右侧,100米,25km/h,应急车辆,赶时间（通勤或赶飞机）,普通车辆
19720,雨天,夜晚,潮湿,50米,儿童,车道右侧,100米,25km/h,卡车,赶时间（通勤或赶飞机）,无
19777,雨天,夜晚,潮湿,50米,成年人,车道中间,10米,50km/h,应急车辆,紧急（去医院）,无
19790,雨天,夜晚,潮湿,50米,成年人,车道右侧,10米,50km/h,卡车,紧急（去医院）,无
19812,雨天,夜晚,潮湿,50米,儿童,车道右侧,10米,50km/h,普通车辆,赶时间（通勤或赶飞机）,应急车辆
19835,雨天,夜晚,潮湿,50米,儿童,车道中间,10米,50km/h,卡车,赶时间（通勤或赶飞机）,应急车辆
19839,雨天,夜晚,潮湿,50米,儿童,车道中间,10米,50km/h,普通车辆,无特殊需求,无
19849,雨天,夜晚,潮湿,50米,成年人,车道中间,10米,50km/h,应急车辆,无特殊需求,无
19860,雨天,夜晚,潮湿,50米,儿童,车道右侧,10米,50km/h,应急车辆,无特殊需求,应急车辆
19865,雨天,夜晚,潮湿,50米,成年人,车道中间,10米,50km/h,卡车,无特殊需求,普通车辆
19880,雨天,夜晚,潮湿,50米,儿童,车道右侧,50米,50km/h,普通车辆,紧急（去医院）,普通车辆
19897,雨天,夜晚,潮湿,50米,成年人,车道中间,50米,50km/h,卡车,紧急（去医院）,无
19906,雨天,夜晚,潮湿,50米,成年人,车道右侧,50米,50km/h,卡车,紧急（去医院）,应急车辆
19908,雨天,夜晚,潮湿,50米,儿童,车道右侧,50米,50km/h,卡车,紧急（去医院）,应急车辆
19925,雨天,夜晚,潮湿,50米,成年人,车道中间,50米,50km/h,应急车辆,赶时间（通勤或赶飞机）,普通车辆
19927,雨天,夜晚,潮湿,50米,儿童,车道中间,50米,50km/h,应急车辆,赶时间（通勤或赶飞机）,普通车辆
19949,雨天,夜晚,潮湿,50米,成年人,车道中间,50米,50km/h,普通车辆,无特殊需求,普通车辆
19950,雨天,夜晚,潮湿,50米,成年人,车道右侧,50米,50km/h,普通车辆,无特殊需求,普通车辆
19955,雨天,夜晚,潮湿,50米,儿童,车道中间,50米,50km/h,普通车辆,无特殊需求,应急车辆
19957,雨天,夜晚,潮湿,50米,成年人,车道中间,50米,50km/h,应急车辆,无特殊需求,无
19965,雨天,夜晚,潮湿,50米,成年人,车道中间,50米,50km/h,应急车辆,无特殊需求,应急车辆
19967,雨天,夜晚,潮湿,50米,儿童,车道中间,50米,50km/h,应急车辆,无特殊需求,应急车辆
19979,雨天,夜晚,潮湿,50米,儿童,车道中间,50米,50km/h,卡车,无特殊需求,应急车辆
19990,雨天,夜晚,潮湿,50米,成年人,车道右侧,100米,50km/h,普通车辆,紧急（去医院）,应急车辆
19992,雨天,夜晚,潮湿,50米,儿童,车道右侧,100米,50km/h,普通车辆,紧急（去医院）,应急车辆
19993,雨天,夜晚,潮湿,50米,成年人,车道中间,100米,50km/h,应急车辆,紧急（去医院）,无
19995,雨天,夜晚,潮湿,50米,儿童,车道中间,100米,50km/h,应急车辆,紧急（去医院）,无
20030,雨天,夜晚,潮湿,50米,成年人,车道右侧,100米,50km/h,应急车辆,赶时间（通勤或赶飞机）,无
20034,雨天,夜晚,潮湿,50米,成年人,车道右侧,100米,50km/h,应急车辆,赶时间（通勤或赶飞机）,普通车辆
20049,雨天,夜晚,潮湿,50米,成年人,车道中间,100米,50km/h,卡车,赶时间（通勤或赶飞机）,应急车辆
20071,雨天,夜晚,潮湿,50米,儿童,车道中间,100米,50km/h,应急车辆,无特殊需求,普通车辆
20072,雨天,夜晚,潮湿,50米,儿童,车道右侧,100米,50km/h,应急车辆,无特殊需求,普通车辆
20080,雨天,夜晚,潮湿,50米,儿童,车道右侧,100米,50km/h,卡车,无特殊需求,无
20091,雨天,夜晚,潮湿,20米,儿童,车道中间,10米,25km/h,普通车辆,紧急（去医院）,无
20095,雨天,夜晚,潮湿,20米,儿童,车道中间,10米,25km/h,普通车辆,紧急（去医院）,普通车辆
20112,雨天,夜晚,潮湿,20米,儿童,车道右侧,10米,25km/h,应急车辆,紧急（去医院）,应急车辆
20141,雨天,夜晚,潮湿,20米,成年人,车道中间,10米,25km/h,应急车辆,赶时间（通勤或赶飞机）,普通车辆
20155,雨天,夜晚,潮湿,20米,儿童,车道中间,10米,25km/h,卡车,赶时间（通勤或赶飞机）,普通车辆
20161,雨天,夜晚,潮湿,20米,成年人,车道中间,10米,25km/h,普通车辆,无特殊需求,无
20163,雨天,夜晚,潮湿,20米,儿童,车道中间,10米,25km/h,普通车辆,无特殊需求,无
20227,雨天,夜晚,潮湿,20米,儿童,车道中间,50米,25km/h,卡车,紧急（去医院）,普通车辆
20231,雨天,夜晚,潮湿,20米,儿童,车道中间,50米,25km/h,卡车,紧急（去医院）,应急车辆
20234,雨天,夜晚,潮湿,20米,成年人,车道右侧,50米,25km/h,普通车辆,赶时间（通勤或赶飞机）,无
20236,雨天,夜晚,潮湿,20米,儿童,车道右侧,50米,25km/h,普通车辆,赶时间（通勤或赶飞机）,无
20237,雨天,夜晚,潮湿,20米,成年人,车道中间,50米,25km/h,普通车辆,赶时间（通勤或赶飞机）,普通车辆
20245,雨天,夜晚,潮湿,20米,成年人,车道中间,50米,25km/h,应急车辆,赶时间（通勤或赶飞机）,无
20257,雨天,夜晚,潮湿,20米,成年人,车道中间,50米,25km/h,卡车,赶时间（通勤或赶飞机）,无
20263,雨天,夜晚,潮湿,20米,儿童,车道中间,50米,25km/h,卡车,赶时间（通勤或赶飞机）,普通车辆
20303,雨天,夜晚,潮湿,20米,儿童,车道中间,50米,25km/h,卡车,无特殊需求,应急车辆
20312,雨天,夜晚,潮湿,20米,儿童,车道右侧,100米,25km/h,普通车辆,紧急（去医院）,普通车辆
20313,雨天,夜晚,潮湿,20米,成年人,车道中间,100米,25km/h,普通车辆,紧急（去医院）,应急车辆
20324,雨天,夜晚,潮湿,20米,儿童,车道右侧,100米,25km/h,应急车辆,紧急（去医院）,普通车辆
20325,雨天,夜晚,潮湿,20米,成年人,车道中间,100米,25km/h,应急车辆,紧急（去医院）,应急车辆
20329,雨天,夜晚,潮湿,20米,成年人,车道中间,100米,25km/h,卡车,紧急（去医院）,无
20347,雨天,夜晚,潮湿,20米,儿童,车道中间,100米,25km/h,普通车辆,赶时间（通勤或赶飞机）,普通车辆
20359,雨天,夜晚,潮湿,20米,儿童,车道中间,100米,25km/h,应急车辆,赶时间（通勤或赶飞机）,普通车辆
20379,雨天,夜晚,潮湿,20米,儿童,车道中间,100米,25km/h,普通车辆,无特殊需求,无
20382,雨天,夜晚,潮湿,20米,成年人,车道右侧,100米,25km/h,普通车辆,无特殊需求,普通车辆
20386,雨天,夜晚,潮湿,20米,成年人,车道右侧,100米,25km/h,普通车辆,无特殊需求,应急车辆
20401,雨天,夜晚,潮湿,20米,成年人,车道中间,100米,25km/h,卡车,无特殊需求,无
20409,雨天,夜晚,潮湿,20米,成年人,车道中间,100米,25km/h,卡车,无特殊需求,应急车辆
20414,雨天,夜晚,潮湿,20米,成年人,车道右侧,10米,50km/h,普通车辆,紧急（去医院）,无
20442,雨天,夜晚,潮湿,20米,成年人,车道右侧,10米,50km/h,卡车,紧急（去医院）,普通车辆
20443,雨天,夜晚,潮湿,20米,儿童,车道中间,10米,50km/h,卡车,紧急（去医院）,普通车辆
20445,雨天,夜晚,潮湿,20米,成年人,车道中间,10米,50km/h,卡车,紧急（去医院）,应急车辆
20501,雨天,夜晚,潮湿,20米,成年人,车道中间,10米,50km/h,应急车辆,无特殊需求,普通车辆
20505,雨天,夜晚,潮湿,20米,成年人,车道中间,10米,50km/h,应急车辆,无特殊需求,应急车辆
20550,雨天,夜晚,潮湿,20米,成年人,车道右侧,50米,50km/h,卡车,紧急（去医院）,普通车辆
20558,雨天,夜晚,潮湿,20米,成年人,车道右侧,50米,50km/h,普通车辆,赶时间（通勤或赶飞机）,无
20576,雨天,夜晚,潮湿,20米,儿童,车道右侧,50米,50km/h,应急车辆,赶时间（通勤或赶飞机）,普通车辆
20581,雨天,夜晚,潮湿,20米,成年人,车道中间,50米,50km/h,卡车,赶时间（通勤或赶飞机）,无
20588,雨天,夜晚,潮湿,20米,儿童,车道右侧,50米,50km/h,卡车,赶时间（通勤或赶飞机）,普通车辆
20676,雨天,夜晚,潮湿,20米,儿童,车道右侧,100米,50km/h,普通车辆,赶时间（通勤或赶飞机）,应急车辆
20683,雨天,夜晚,潮湿,20米,儿童,车道中间,100米,50km/h,应急车辆,赶时间（通勤或赶飞机）,普通车辆
20708,雨天,夜晚,潮湿,20米,儿童,车道右侧,100米,50km/h,普通车辆,无特殊需求,普通车辆
20728,雨天,夜晚,潮湿,20米,儿童,车道右侧,100米,50km/h,卡车,无特殊需求,无
20730,雨天,夜晚,潮湿,20米,成年人,车道右侧,100米,50km/h,卡车,无特殊需求,普通车辆
