id,天气,时间,路况,行人类型,行人行为,行人动作,本车角色,乘客需求,与行人距离,本车速度
4,晴天,白天,干燥,儿童,看手机,停留,普通汽车,紧急（去医院）,10米,50km/h
7,晴天,白天,干燥,儿童,看手机,停留,应急车辆,紧急（去医院）,10米,25km/h
36,晴天,白天,干燥,儿童,看手机,停留,卡车,赶时间（通勤或赶飞机）,100米,50km/h
43,晴天,白天,干燥,儿童,看手机,停留,应急车辆,无特别需求,10米,25km/h
58,晴天,白天,干燥,儿童,看手机,走向人行道,普通汽车,紧急（去医院）,10米,50km/h
60,晴天,白天,干燥,儿童,看手机,走向人行道,普通汽车,紧急（去医院）,100米,50km/h
104,晴天,白天,干燥,儿童,看手机,走向人行道,卡车,无特别需求,50米,25km/h
116,晴天,白天,干燥,儿童,看手机,不走向人行道,应急车辆,紧急（去医院）,50米,25km/h
128,晴天,白天,干燥,儿童,看手机,不走向人行道,普通汽车,赶时间（通勤或赶飞机）,50米,25km/h
138,晴天,白天,干燥,儿童,看手机,不走向人行道,应急车辆,赶时间（通勤或赶飞机）,100米,50km/h
170,晴天,白天,干燥,儿童,与人交谈,停留,应急车辆,紧急（去医院）,50米,25km/h
201,晴天,白天,干燥,儿童,与人交谈,停留,普通汽车,无特别需求,100米,25km/h
211,晴天,白天,干燥,儿童,与人交谈,停留,卡车,无特别需求,10米,25km/h
218,晴天,白天,干燥,儿童,与人交谈,走向人行道,普通汽车,紧急（去医院）,50米,25km/h
219,晴天,白天,干燥,儿童,与人交谈,走向人行道,普通汽车,紧急（去医院）,100米,25km/h
248,晴天,白天,干燥,儿童,与人交谈,走向人行道,卡车,赶时间（通勤或赶飞机）,50米,25km/h
252,晴天,白天,干燥,儿童,与人交谈,走向人行道,卡车,赶时间（通勤或赶飞机）,100米,50km/h
258,晴天,白天,干燥,儿童,与人交谈,走向人行道,普通汽车,无特别需求,100米,50km/h
266,晴天,白天,干燥,儿童,与人交谈,走向人行道,卡车,无特别需求,50米,25km/h
274,晴天,白天,干燥,儿童,与人交谈,不走向人行道,普通汽车,紧急（去医院）,10米,50km/h
291,晴天,白天,干燥,儿童,与人交谈,不走向人行道,普通汽车,赶时间（通勤或赶飞机）,100米,25km/h
314,晴天,白天,干燥,儿童,与人交谈,不走向人行道,应急车辆,无特别需求,50米,25km/h
323,晴天,白天,干燥,儿童,与人交谈,不走向人行道,卡车,无特别需求,50米,50km/h
324,晴天,白天,干燥,儿童,与人交谈,不走向人行道,卡车,无特别需求,100米,50km/h
327,晴天,白天,干燥,儿童,四处张望,停留,普通汽车,紧急（去医院）,100米,25km/h
328,晴天,白天,干燥,儿童,四处张望,停留,普通汽车,紧急（去医院）,10米,50km/h
342,晴天,白天,干燥,儿童,四处张望,停留,卡车,紧急（去医院）,100米,50km/h
345,晴天,白天,干燥,儿童,四处张望,停留,普通汽车,赶时间（通勤或赶飞机）,100米,25km/h
347,晴天,白天,干燥,儿童,四处张望,停留,普通汽车,赶时间（通勤或赶飞机）,50米,50km/h
352,晴天,白天,干燥,儿童,四处张望,停留,应急车辆,赶时间（通勤或赶飞机）,10米,50km/h
362,晴天,白天,干燥,儿童,四处张望,停留,普通汽车,无特别需求,50米,25km/h
380,晴天,白天,干燥,儿童,四处张望,走向人行道,普通汽车,紧急（去医院）,50米,25km/h
386,晴天,白天,干燥,儿童,四处张望,走向人行道,应急车辆,紧急（去医院）,50米,25km/h
388,晴天,白天,干燥,儿童,四处张望,走向人行道,应急车辆,紧急（去医院）,10米,50km/h
410,晴天,白天,干燥,儿童,四处张望,走向人行道,卡车,赶时间（通勤或赶飞机）,50米,25km/h
424,晴天,白天,干燥,儿童,四处张望,走向人行道,应急车辆,无特别需求,10米,50km/h
425,晴天,白天,干燥,儿童,四处张望,走向人行道,应急车辆,无特别需求,50米,50km/h
439,晴天,白天,干燥,儿童,四处张望,不走向人行道,应急车辆,紧急（去医院）,10米,25km/h
451,晴天,白天,干燥,儿童,四处张望,不走向人行道,普通汽车,赶时间（通勤或赶飞机）,10米,25km/h
461,晴天,白天,干燥,儿童,四处张望,不走向人行道,应急车辆,赶时间（通勤或赶飞机）,50米,50km/h
467,晴天,白天,干燥,儿童,四处张望,不走向人行道,卡车,赶时间（通勤或赶飞机）,50米,50km/h
468,晴天,白天,干燥,儿童,四处张望,不走向人行道,卡车,赶时间（通勤或赶飞机）,100米,50km/h
485,晴天,白天,干燥,儿童,四处张望,不走向人行道,卡车,无特别需求,50米,50km/h
500,晴天,白天,干燥,老人,看手机,停留,卡车,紧急（去医院）,50米,25km/h
559,晴天,白天,干燥,老人,看手机,走向人行道,普通汽车,赶时间（通勤或赶飞机）,10米,25km/h
622,晴天,白天,干燥,老人,看手机,不走向人行道,应急车辆,赶时间（通勤或赶飞机）,10米,50km/h
652,晴天,白天,干燥,老人,与人交谈,停留,普通汽车,紧急（去医院）,10米,50km/h
706,晴天,白天,干燥,老人,与人交谈,走向人行道,普通汽车,紧急（去医院）,10米,50km/h
716,晴天,白天,干燥,老人,与人交谈,走向人行道,卡车,紧急（去医院）,50米,25km/h
719,晴天,白天,干燥,老人,与人交谈,走向人行道,卡车,紧急（去医院）,50米,50km/h
734,晴天,白天,干燥,老人,与人交谈,走向人行道,卡车,赶时间（通勤或赶飞机）,50米,25km/h
737,晴天,白天,干燥,老人,与人交谈,走向人行道,卡车,赶时间（通勤或赶飞机）,50米,50km/h
739,晴天,白天,干燥,老人,与人交谈,走向人行道,普通汽车,无特别需求,10米,25km/h
796,晴天,白天,干燥,老人,与人交谈,不走向人行道,普通汽车,无特别需求,10米,50km/h
829,晴天,白天,干燥,老人,四处张望,停留,普通汽车,赶时间（通勤或赶飞机）,10米,25km/h
853,晴天,白天,干燥,老人,四处张望,停留,应急车辆,无特别需求,10米,25km/h
879,晴天,白天,干燥,老人,四处张望,走向人行道,卡车,紧急（去医院）,100米,25km/h
912,晴天,白天,干燥,老人,四处张望,走向人行道,应急车辆,无特别需求,100米,50km/h
929,晴天,白天,干燥,老人,四处张望,不走向人行道,应急车辆,紧急（去医院）,50米,50km/h
937,晴天,白天,干燥,老人,四处张望,不走向人行道,普通汽车,赶时间（通勤或赶飞机）,10米,25km/h
961,晴天,白天,干燥,老人,四处张望,不走向人行道,应急车辆,无特别需求,10米,25km/h
971,晴天,白天,干燥,老人,四处张望,不走向人行道,卡车,无特别需求,50米,50km/h
972,晴天,白天,干燥,老人,四处张望,不走向人行道,卡车,无特别需求,100米,50km/h
978,晴天,白天,干燥,警察,看手机,停留,普通汽车,紧急（去医院）,100米,50km/h
981,晴天,白天,干燥,警察,看手机,停留,应急车辆,紧急（去医院）,100米,25km/h
1007,晴天,白天,干燥,警察,看手机,停留,卡车,赶时间（通勤或赶飞机）,50米,50km/h
1024,晴天,白天,干燥,警察,看手机,停留,卡车,无特别需求,10米,50km/h
1028,晴天,白天,干燥,警察,看手机,走向人行道,普通汽车,紧急（去医院）,50米,25km/h
1035,晴天,白天,干燥,警察,看手机,走向人行道,应急车辆,紧急（去医院）,100米,25km/h
1036,晴天,白天,干燥,警察,看手机,走向人行道,应急车辆,紧急（去医院）,10米,50km/h
1053,晴天,白天,干燥,警察,看手机,走向人行道,应急车辆,赶时间（通勤或赶飞机）,100米,25km/h
1085,晴天,白天,干燥,警察,看手机,不走向人行道,普通汽车,紧急（去医院）,50米,50km/h
1087,晴天,白天,干燥,警察,看手机,不走向人行道,应急车辆,紧急（去医院）,10米,25km/h
1088,晴天,白天,干燥,警察,看手机,不走向人行道,应急车辆,紧急（去医院）,50米,25km/h
1093,晴天,白天,干燥,警察,看手机,不走向人行道,卡车,紧急（去医院）,10米,25km/h
1115,晴天,白天,干燥,警察,看手机,不走向人行道,卡车,赶时间（通勤或赶飞机）,50米,50km/h
1124,晴天,白天,干燥,警察,看手机,不走向人行道,应急车辆,无特别需求,50米,25km/h
1145,晴天,白天,干燥,警察,与人交谈,停留,应急车辆,紧急（去医院）,50米,50km/h
1148,晴天,白天,干燥,警察,与人交谈,停留,卡车,紧急（去医院）,50米,25km/h
1154,晴天,白天,干燥,警察,与人交谈,停留,普通汽车,赶时间（通勤或赶飞机）,50米,25km/h
1158,晴天,白天,干燥,警察,与人交谈,停留,普通汽车,赶时间（通勤或赶飞机）,100米,50km/h
1163,晴天,白天,干燥,警察,与人交谈,停留,应急车辆,赶时间（通勤或赶飞机）,50米,50km/h
1164,晴天,白天,干燥,警察,与人交谈,停留,应急车辆,赶时间（通勤或赶飞机）,100米,50km/h
1183,晴天,白天,干燥,警察,与人交谈,停留,卡车,无特别需求,10米,25km/h
1200,晴天,白天,干燥,警察,与人交谈,走向人行道,应急车辆,紧急（去医院）,100米,50km/h
1228,晴天,白天,干燥,警察,与人交谈,走向人行道,普通汽车,无特别需求,10米,50km/h
1262,晴天,白天,干燥,警察,与人交谈,不走向人行道,普通汽车,赶时间（通勤或赶飞机）,50米,25km/h
1273,晴天,白天,干燥,警察,与人交谈,不走向人行道,卡车,赶时间（通勤或赶飞机）,10米,25km/h
1289,晴天,白天,干燥,警察,与人交谈,不走向人行道,应急车辆,无特别需求,50米,50km/h
1291,晴天,白天,干燥,警察,与人交谈,不走向人行道,卡车,无特别需求,10米,25km/h
1298,晴天,白天,干燥,警察,四处张望,停留,普通汽车,紧急（去医院）,50米,25km/h
1329,晴天,白天,干燥,警察,四处张望,停留,卡车,赶时间（通勤或赶飞机）,100米,25km/h
1347,晴天,白天,干燥,警察,四处张望,停留,卡车,无特别需求,100米,25km/h
1348,晴天,白天,干燥,警察,四处张望,停留,卡车,无特别需求,10米,50km/h
1351,晴天,白天,干燥,警察,四处张望,走向人行道,普通汽车,紧急（去医院）,10米,25km/h
1356,晴天,白天,干燥,警察,四处张望,走向人行道,普通汽车,紧急（去医院）,100米,50km/h
1384,晴天,白天,干燥,警察,四处张望,走向人行道,卡车,赶时间（通勤或赶飞机）,10米,50km/h
1397,晴天,白天,干燥,警察,四处张望,走向人行道,应急车辆,无特别需求,50米,50km/h
1398,晴天,白天,干燥,警察,四处张望,走向人行道,应急车辆,无特别需求,100米,50km/h
1420,晴天,白天,干燥,警察,四处张望,不走向人行道,卡车,紧急（去医院）,10米,50km/h
1428,晴天,白天,干燥,警察,四处张望,不走向人行道,普通汽车,赶时间（通勤或赶飞机）,100米,50km/h
1430,晴天,白天,干燥,警察,四处张望,不走向人行道,应急车辆,赶时间（通勤或赶飞机）,50米,25km/h
1444,晴天,白天,干燥,警察,四处张望,不走向人行道,普通汽车,无特别需求,10米,50km/h
1445,晴天,白天,干燥,警察,四处张望,不走向人行道,普通汽车,无特别需求,50米,50km/h
1454,晴天,白天,干燥,警察,四处张望,不走向人行道,卡车,无特别需求,50米,25km/h
1457,晴天,白天,干燥,警察,四处张望,不走向人行道,卡车,无特别需求,50米,50km/h
1494,晴天,白天,干燥,孕妇,看手机,停留,卡车,赶时间（通勤或赶飞机）,100米,50km/h
1513,晴天,白天,干燥,孕妇,看手机,走向人行道,普通汽车,紧急（去医院）,10米,25km/h
1523,晴天,白天,干燥,孕妇,看手机,走向人行道,应急车辆,紧急（去医院）,50米,50km/h
1528,晴天,白天,干燥,孕妇,看手机,走向人行道,卡车,紧急（去医院）,10米,50km/h
1531,晴天,白天,干燥,孕妇,看手机,走向人行道,普通汽车,赶时间（通勤或赶飞机）,10米,25km/h
1535,晴天,白天,干燥,孕妇,看手机,走向人行道,普通汽车,赶时间（通勤或赶飞机）,50米,50km/h
1536,晴天,白天,干燥,孕妇,看手机,走向人行道,普通汽车,赶时间（通勤或赶飞机）,100米,50km/h
1612,晴天,白天,干燥,孕妇,看手机,不走向人行道,应急车辆,无特别需求,10米,50km/h
1625,晴天,白天,干燥,孕妇,与人交谈,停留,普通汽车,紧急（去医院）,50米,50km/h
1633,晴天,白天,干燥,孕妇,与人交谈,停留,卡车,紧急（去医院）,10米,25km/h
1705,晴天,白天,干燥,孕妇,与人交谈,走向人行道,卡车,赶时间（通勤或赶飞机）,10米,25km/h
1711,晴天,白天,干燥,孕妇,与人交谈,走向人行道,普通汽车,无特别需求,10米,25km/h
1713,晴天,白天,干燥,孕妇,与人交谈,走向人行道,普通汽车,无特别需求,100米,25km/h
1730,晴天,白天,干燥,孕妇,与人交谈,不走向人行道,普通汽车,紧急（去医院）,50米,25km/h
1731,晴天,白天,干燥,孕妇,与人交谈,不走向人行道,普通汽车,紧急（去医院）,100米,25km/h
1740,晴天,白天,干燥,孕妇,与人交谈,不走向人行道,应急车辆,紧急（去医院）,100米,50km/h
1748,晴天,白天,干燥,孕妇,与人交谈,不走向人行道,普通汽车,赶时间（通勤或赶飞机）,50米,25km/h
1769,晴天,白天,干燥,孕妇,与人交谈,不走向人行道,普通汽车,无特别需求,50米,50km/h
1808,晴天,白天,干燥,孕妇,四处张望,停留,应急车辆,赶时间（通勤或赶飞机）,50米,25km/h
1816,晴天,白天,干燥,孕妇,四处张望,停留,卡车,赶时间（通勤或赶飞机）,10米,50km/h
1839,晴天,白天,干燥,孕妇,四处张望,走向人行道,普通汽车,紧急（去医院）,100米,25km/h
1863,晴天,白天,干燥,孕妇,四处张望,走向人行道,应急车辆,赶时间（通勤或赶飞机）,100米,25km/h
1870,晴天,白天,干燥,孕妇,四处张望,走向人行道,卡车,赶时间（通勤或赶飞机）,10米,50km/h
1906,晴天,白天,干燥,孕妇,四处张望,不走向人行道,卡车,紧急（去医院）,10米,50km/h
1912,晴天,白天,干燥,孕妇,四处张望,不走向人行道,普通汽车,赶时间（通勤或赶飞机）,10米,50km/h
1958,晴天,白天,干燥,大学生,看手机,停留,卡车,紧急（去医院）,50米,25km/h
1960,晴天,白天,干燥,大学生,看手机,停留,卡车,紧急（去医院）,10米,50km/h
1963,晴天,白天,干燥,大学生,看手机,停留,普通汽车,赶时间（通勤或赶飞机）,10米,25km/h
1982,晴天,白天,干燥,大学生,看手机,停留,普通汽车,无特别需求,50米,25km/h
2009,晴天,白天,干燥,大学生,看手机,走向人行道,应急车辆,紧急（去医院）,50米,50km/h
2027,晴天,白天,干燥,大学生,看手机,走向人行道,应急车辆,赶时间（通勤或赶飞机）,50米,50km/h
2035,晴天,白天,干燥,大学生,看手机,走向人行道,普通汽车,无特别需求,10米,25km/h
2044,晴天,白天,干燥,大学生,看手机,走向人行道,应急车辆,无特别需求,10米,50km/h
2066,晴天,白天,干燥,大学生,看手机,不走向人行道,卡车,紧急（去医院）,50米,25km/h
2086,晴天,白天,干燥,大学生,看手机,不走向人行道,卡车,赶时间（通勤或赶飞机）,10米,50km/h
2112,晴天,白天,干燥,大学生,与人交谈,停留,普通汽车,紧急（去医院）,100米,50km/h
2113,晴天,白天,干燥,大学生,与人交谈,停留,应急车辆,紧急（去医院）,10米,25km/h
2128,晴天,白天,干燥,大学生,与人交谈,停留,普通汽车,赶时间（通勤或赶飞机）,10米,50km/h
2137,晴天,白天,干燥,大学生,与人交谈,停留,卡车,赶时间（通勤或赶飞机）,10米,25km/h
2142,晴天,白天,干燥,大学生,与人交谈,停留,卡车,赶时间（通勤或赶飞机）,100米,50km/h
2153,晴天,白天,干燥,大学生,与人交谈,停留,应急车辆,无特别需求,50米,50km/h
2168,晴天,白天,干燥,大学生,与人交谈,走向人行道,应急车辆,紧急（去医院）,50米,25km/h
2175,晴天,白天,干燥,大学生,与人交谈,走向人行道,卡车,紧急（去医院）,100米,25km/h
2178,晴天,白天,干燥,大学生,与人交谈,走向人行道,卡车,紧急（去医院）,100米,50km/h
2185,晴天,白天,干燥,大学生,与人交谈,走向人行道,应急车辆,赶时间（通勤或赶飞机）,10米,25km/h
2190,晴天,白天,干燥,大学生,与人交谈,走向人行道,应急车辆,赶时间（通勤或赶飞机）,100米,50km/h
2200,晴天,白天,干燥,大学生,与人交谈,走向人行道,普通汽车,无特别需求,10米,50km/h
2222,晴天,白天,干燥,大学生,与人交谈,不走向人行道,应急车辆,紧急（去医院）,50米,25km/h
2226,晴天,白天,干燥,大学生,与人交谈,不走向人行道,应急车辆,紧急（去医院）,100米,50km/h
2236,晴天,白天,干燥,大学生,与人交谈,不走向人行道,普通汽车,赶时间（通勤或赶飞机）,10米,50km/h
2248,晴天,白天,干燥,大学生,与人交谈,不走向人行道,卡车,赶时间（通勤或赶飞机）,10米,50km/h
2266,晴天,白天,干燥,大学生,与人交谈,不走向人行道,卡车,无特别需求,10米,50km/h
2271,晴天,白天,干燥,大学生,四处张望,停留,普通汽车,紧急（去医院）,100米,25km/h
2278,晴天,白天,干燥,大学生,四处张望,停留,应急车辆,紧急（去医院）,10米,50km/h
2280,晴天,白天,干燥,大学生,四处张望,停留,应急车辆,紧急（去医院）,100米,50km/h
2301,晴天,白天,干燥,大学生,四处张望,停留,卡车,赶时间（通勤或赶飞机）,100米,25km/h
2302,晴天,白天,干燥,大学生,四处张望,停留,卡车,赶时间（通勤或赶飞机）,10米,50km/h
2309,晴天,白天,干燥,大学生,四处张望,停留,普通汽车,无特别需求,50米,50km/h
2316,晴天,白天,干燥,大学生,四处张望,停留,应急车辆,无特别需求,100米,50km/h
2320,晴天,白天,干燥,大学生,四处张望,停留,卡车,无特别需求,10米,50km/h
2326,晴天,白天,干燥,大学生,四处张望,走向人行道,普通汽车,紧急（去医院）,10米,50km/h
2361,晴天,白天,干燥,大学生,四处张望,走向人行道,普通汽车,无特别需求,100米,25km/h
2387,晴天,白天,干燥,大学生,四处张望,不走向人行道,应急车辆,紧急（去医院）,50米,50km/h
2389,晴天,白天,干燥,大学生,四处张望,不走向人行道,卡车,紧急（去医院）,10米,25km/h
2393,晴天,白天,干燥,大学生,四处张望,不走向人行道,卡车,紧急（去医院）,50米,50km/h
2394,晴天,白天,干燥,大学生,四处张望,不走向人行道,卡车,紧急（去医院）,100米,50km/h
2406,晴天,白天,干燥,大学生,四处张望,不走向人行道,应急车辆,赶时间（通勤或赶飞机）,100米,50km/h
2409,晴天,白天,干燥,大学生,四处张望,不走向人行道,卡车,赶时间（通勤或赶飞机）,100米,25km/h
2415,晴天,白天,干燥,大学生,四处张望,不走向人行道,普通汽车,无特别需求,100米,25km/h
2440,晴天,白天,湿滑,儿童,看手机,停留,应急车辆,紧急（去医院）,10米,50km/h
2445,晴天,白天,湿滑,儿童,看手机,停留,卡车,紧急（去医院）,100米,25km/h
2481,晴天,白天,湿滑,儿童,看手机,停留,卡车,无特别需求,100米,25km/h
2484,晴天,白天,湿滑,儿童,看手机,停留,卡车,无特别需求,100米,50km/h
2504,晴天,白天,湿滑,儿童,看手机,走向人行道,普通汽车,赶时间（通勤或赶飞机）,50米,25km/h
2513,晴天,白天,湿滑,儿童,看手机,走向人行道,应急车辆,赶时间（通勤或赶飞机）,50米,50km/h
2535,晴天,白天,湿滑,儿童,看手机,走向人行道,卡车,无特别需求,100米,25km/h
2550,晴天,白天,湿滑,儿童,看手机,不走向人行道,应急车辆,紧急（去医院）,100米,50km/h
2555,晴天,白天,湿滑,儿童,看手机,不走向人行道,卡车,紧急（去医院）,50米,50km/h
2560,晴天,白天,湿滑,儿童,看手机,不走向人行道,普通汽车,赶时间（通勤或赶飞机）,10米,50km/h
2572,晴天,白天,湿滑,儿童,看手机,不走向人行道,卡车,赶时间（通勤或赶飞机）,10米,50km/h
2580,晴天,白天,湿滑,儿童,看手机,不走向人行道,普通汽车,无特别需求,100米,50km/h
2586,晴天,白天,湿滑,儿童,看手机,不走向人行道,应急车辆,无特别需求,100米,50km/h
2603,晴天,白天,湿滑,儿童,与人交谈,停留,应急车辆,紧急（去医院）,50米,50km/h
2606,晴天,白天,湿滑,儿童,与人交谈,停留,卡车,紧急（去医院）,50米,25km/h
2610,晴天,白天,湿滑,儿童,与人交谈,停留,卡车,紧急（去医院）,100米,50km/h
2622,晴天,白天,湿滑,儿童,与人交谈,停留,应急车辆,赶时间（通勤或赶飞机）,100米,50km/h
2625,晴天,白天,湿滑,儿童,与人交谈,停留,卡车,赶时间（通勤或赶飞机）,100米,25km/h
2627,晴天,白天,湿滑,儿童,与人交谈,停留,卡车,赶时间（通勤或赶飞机）,50米,50km/h
2648,晴天,白天,湿滑,儿童,与人交谈,走向人行道,普通汽车,紧急（去医院）,50米,25km/h
2677,晴天,白天,湿滑,儿童,与人交谈,走向人行道,卡车,赶时间（通勤或赶飞机）,10米,25km/h
2678,晴天,白天,湿滑,儿童,与人交谈,走向人行道,卡车,赶时间（通勤或赶飞机）,50米,25km/h
2679,晴天,白天,湿滑,儿童,与人交谈,走向人行道,卡车,赶时间（通勤或赶飞机）,100米,25km/h
2699,晴天,白天,湿滑,儿童,与人交谈,走向人行道,卡车,无特别需求,50米,50km/h
2700,晴天,白天,湿滑,儿童,与人交谈,走向人行道,卡车,无特别需求,100米,50km/h
2702,晴天,白天,湿滑,儿童,与人交谈,不走向人行道,普通汽车,紧急（去医院）,50米,25km/h
2704,晴天,白天,湿滑,儿童,与人交谈,不走向人行道,普通汽车,紧急（去医院）,10米,50km/h
2713,晴天,白天,湿滑,儿童,与人交谈,不走向人行道,卡车,紧急（去医院）,10米,25km/h
2741,晴天,白天,湿滑,儿童,与人交谈,不走向人行道,普通汽车,无特别需求,50米,50km/h
2744,晴天,白天,湿滑,儿童,与人交谈,不走向人行道,应急车辆,无特别需求,50米,25km/h
2784,晴天,白天,湿滑,儿童,四处张望,停留,应急车辆,赶时间（通勤或赶飞机）,100米,50km/h
2798,晴天,白天,湿滑,儿童,四处张望,停留,应急车辆,无特别需求,50米,25km/h
2815,晴天,白天,湿滑,儿童,四处张望,走向人行道,应急车辆,紧急（去医院）,10米,25km/h
2827,晴天,白天,湿滑,儿童,四处张望,走向人行道,普通汽车,赶时间（通勤或赶飞机）,10米,25km/h
2857,晴天,白天,湿滑,儿童,四处张望,走向人行道,卡车,无特别需求,10米,25km/h
2860,晴天,白天,湿滑,儿童,四处张望,走向人行道,卡车,无特别需求,10米,50km/h
2865,晴天,白天,湿滑,儿童,四处张望,不走向人行道,普通汽车,紧急（去医院）,100米,25km/h
2879,晴天,白天,湿滑,儿童,四处张望,不走向人行道,卡车,紧急（去医院）,50米,50km/h
2886,晴天,白天,湿滑,儿童,四处张望,不走向人行道,普通汽车,赶时间（通勤或赶飞机）,100米,50km/h
2911,晴天,白天,湿滑,儿童,四处张望,不走向人行道,卡车,无特别需求,10米,25km/h
2954,晴天,白天,湿滑,老人,看手机,停留,普通汽车,无特别需求,50米,25km/h
2969,晴天,白天,湿滑,老人,看手机,停留,卡车,无特别需求,50米,50km/h
2975,晴天,白天,湿滑,老人,看手机,走向人行道,普通汽车,紧急（去医院）,50米,50km/h
3001,晴天,白天,湿滑,老人,看手机,走向人行道,卡车,赶时间（通勤或赶飞机）,10米,25km/h
3012,晴天,白天,湿滑,老人,看手机,走向人行道,普通汽车,无特别需求,100米,50km/h
3015,晴天,白天,湿滑,老人,看手机,走向人行道,应急车辆,无特别需求,100米,25km/h
3016,晴天,白天,湿滑,老人,看手机,走向人行道,应急车辆,无特别需求,10米,50km/h
3051,晴天,白天,湿滑,老人,看手机,不走向人行道,应急车辆,赶时间（通勤或赶飞机）,100米,25km/h
3060,晴天,白天,湿滑,老人,看手机,不走向人行道,卡车,赶时间（通勤或赶飞机）,100米,50km/h
3063,晴天,白天,湿滑,老人,看手机,不走向人行道,普通汽车,无特别需求,100米,25km/h
3069,晴天,白天,湿滑,老人,看手机,不走向人行道,应急车辆,无特别需求,100米,25km/h
3078,晴天,白天,湿滑,老人,看手机,不走向人行道,卡车,无特别需求,100米,50km/h
3106,晴天,白天,湿滑,老人,与人交谈,停留,应急车辆,赶时间（通勤或赶飞机）,10米,50km/h
3112,晴天,白天,湿滑,老人,与人交谈,停留,卡车,赶时间（通勤或赶飞机）,10米,50km/h
3129,晴天,白天,湿滑,老人,与人交谈,停留,卡车,无特别需求,100米,25km/h
3170,晴天,白天,湿滑,老人,与人交谈,走向人行道,普通汽车,无特别需求,50米,25km/h
3185,晴天,白天,湿滑,老人,与人交谈,走向人行道,卡车,无特别需求,50米,50km/h
3201,晴天,白天,湿滑,老人,与人交谈,不走向人行道,卡车,紧急（去医院）,100米,25km/h
3205,晴天,白天,湿滑,老人,与人交谈,不走向人行道,普通汽车,赶时间（通勤或赶飞机）,10米,25km/h
3208,晴天,白天,湿滑,老人,与人交谈,不走向人行道,普通汽车,赶时间（通勤或赶飞机）,10米,50km/h
3231,晴天,白天,湿滑,老人,与人交谈,不走向人行道,应急车辆,无特别需求,100米,25km/h
3264,晴天,白天,湿滑,老人,四处张望,停留,普通汽车,赶时间（通勤或赶飞机）,100米,50km/h
3270,晴天,白天,湿滑,老人,四处张望,停留,应急车辆,赶时间（通勤或赶飞机）,100米,50km/h
3283,晴天,白天,湿滑,老人,四处张望,停留,应急车辆,无特别需求,10米,25km/h
3296,晴天,白天,湿滑,老人,四处张望,走向人行道,普通汽车,紧急（去医院）,50米,25km/h
3299,晴天,白天,湿滑,老人,四处张望,走向人行道,普通汽车,紧急（去医院）,50米,50km/h
3303,晴天,白天,湿滑,老人,四处张望,走向人行道,应急车辆,紧急（去医院）,100米,25km/h
3311,晴天,白天,湿滑,老人,四处张望,走向人行道,卡车,紧急（去医院）,50米,50km/h
3315,晴天,白天,湿滑,老人,四处张望,走向人行道,普通汽车,赶时间（通勤或赶飞机）,100米,25km/h
3335,晴天,白天,湿滑,老人,四处张望,走向人行道,普通汽车,无特别需求,50米,50km/h
3342,晴天,白天,湿滑,老人,四处张望,走向人行道,应急车辆,无特别需求,100米,50km/h
3353,晴天,白天,湿滑,老人,四处张望,不走向人行道,普通汽车,紧急（去医院）,50米,50km/h
3354,晴天,白天,湿滑,老人,四处张望,不走向人行道,普通汽车,紧急（去医院）,100米,50km/h
3367,晴天,白天,湿滑,老人,四处张望,不走向人行道,普通汽车,赶时间（通勤或赶飞机）,10米,25km/h
3395,晴天,白天,湿滑,老人,四处张望,不走向人行道,应急车辆,无特别需求,50米,50km/h
3411,晴天,白天,湿滑,警察,看手机,停留,应急车辆,紧急（去医院）,100米,25km/h
3416,晴天,白天,湿滑,警察,看手机,停留,卡车,紧急（去医院）,50米,25km/h
3422,晴天,白天,湿滑,警察,看手机,停留,普通汽车,赶时间（通勤或赶飞机）,50米,25km/h
3426,晴天,白天,湿滑,警察,看手机,停留,普通汽车,赶时间（通勤或赶飞机）,100米,50km/h
3430,晴天,白天,湿滑,警察,看手机,停留,应急车辆,赶时间（通勤或赶飞机）,10米,50km/h
3434,晴天,白天,湿滑,警察,看手机,停留,卡车,赶时间（通勤或赶飞机）,50米,25km/h
3462,晴天,白天,湿滑,警察,看手机,走向人行道,普通汽车,紧急（去医院）,100米,50km/h
3473,晴天,白天,湿滑,警察,看手机,走向人行道,卡车,紧急（去医院）,50米,50km/h
3475,晴天,白天,湿滑,警察,看手机,走向人行道,普通汽车,赶时间（通勤或赶飞机）,10米,25km/h
3480,晴天,白天,湿滑,警察,看手机,走向人行道,普通汽车,赶时间（通勤或赶飞机）,100米,50km/h
3482,晴天,白天,湿滑,警察,看手机,走向人行道,应急车辆,赶时间（通勤或赶飞机）,50米,25km/h
3486,晴天,白天,湿滑,警察,看手机,走向人行道,应急车辆,赶时间（通勤或赶飞机）,100米,50km/h
3489,晴天,白天,湿滑,警察,看手机,走向人行道,卡车,赶时间（通勤或赶飞机）,100米,25km/h
3499,晴天,白天,湿滑,警察,看手机,走向人行道,应急车辆,无特别需求,10米,25km/h
3508,晴天,白天,湿滑,警察,看手机,走向人行道,卡车,无特别需求,10米,50km/h
3523,晴天,白天,湿滑,警察,看手机,不走向人行道,卡车,紧急（去医院）,10米,25km/h
3538,晴天,白天,湿滑,警察,看手机,不走向人行道,应急车辆,赶时间（通勤或赶飞机）,10米,50km/h
3546,晴天,白天,湿滑,警察,看手机,不走向人行道,卡车,赶时间（通勤或赶飞机）,100米,50km/h
3563,晴天,白天,湿滑,警察,看手机,不走向人行道,卡车,无特别需求,50米,50km/h
3572,晴天,白天,湿滑,警察,与人交谈,停留,应急车辆,紧急（去医院）,50米,25km/h
3580,晴天,白天,湿滑,警察,与人交谈,停留,卡车,紧急（去医院）,10米,50km/h
3589,晴天,白天,湿滑,警察,与人交谈,停留,应急车辆,赶时间（通勤或赶飞机）,10米,25km/h
3610,晴天,白天,湿滑,警察,与人交谈,停留,应急车辆,无特别需求,10米,50km/h
3624,晴天,白天,湿滑,警察,与人交谈,走向人行道,普通汽车,紧急（去医院）,100米,50km/h
3634,晴天,白天,湿滑,警察,与人交谈,走向人行道,卡车,紧急（去医院）,10米,50km/h
3636,晴天,白天,湿滑,警察,与人交谈,走向人行道,卡车,紧急（去医院）,100米,50km/h
3644,晴天,白天,湿滑,警察,与人交谈,走向人行道,应急车辆,赶时间（通勤或赶飞机）,50米,25km/h
3653,晴天,白天,湿滑,警察,与人交谈,走向人行道,卡车,赶时间（通勤或赶飞机）,50米,50km/h
3657,晴天,白天,湿滑,警察,与人交谈,走向人行道,普通汽车,无特别需求,100米,25km/h
3687,晴天,白天,湿滑,警察,与人交谈,不走向人行道,卡车,紧急（去医院）,100米,25km/h
3703,晴天,白天,湿滑,警察,与人交谈,不走向人行道,卡车,赶时间（通勤或赶飞机）,10米,25km/h
3704,晴天,白天,湿滑,警察,与人交谈,不走向人行道,卡车,赶时间（通勤或赶飞机）,50米,25km/h
3722,晴天,白天,湿滑,警察,与人交谈,不走向人行道,卡车,无特别需求,50米,25km/h
3726,晴天,白天,湿滑,警察,与人交谈,不走向人行道,卡车,无特别需求,100米,50km/h
3734,晴天,白天,湿滑,警察,四处张望,停留,应急车辆,紧急（去医院）,50米,25km/h
3754,晴天,白天,湿滑,警察,四处张望,停留,应急车辆,赶时间（通勤或赶飞机）,10米,50km/h
3770,晴天,白天,湿滑,警察,四处张望,停留,应急车辆,无特别需求,50米,25km/h
3777,晴天,白天,湿滑,警察,四处张望,停留,卡车,无特别需求,100米,25km/h
3779,晴天,白天,湿滑,警察,四处张望,停留,卡车,无特别需求,50米,50km/h
3789,晴天,白天,湿滑,警察,四处张望,走向人行道,应急车辆,紧急（去医院）,100米,25km/h
3795,晴天,白天,湿滑,警察,四处张望,走向人行道,卡车,紧急（去医院）,100米,25km/h
3822,晴天,白天,湿滑,警察,四处张望,走向人行道,普通汽车,无特别需求,100米,50km/h
3844,晴天,白天,湿滑,警察,四处张望,不走向人行道,应急车辆,紧急（去医院）,10米,50km/h
3845,晴天,白天,湿滑,警察,四处张望,不走向人行道,应急车辆,紧急（去医院）,50米,50km/h
3847,晴天,白天,湿滑,警察,四处张望,不走向人行道,卡车,紧急（去医院）,10米,25km/h
3858,晴天,白天,湿滑,警察,四处张望,不走向人行道,普通汽车,赶时间（通勤或赶飞机）,100米,50km/h
3887,晴天,白天,湿滑,警察,四处张望,不走向人行道,卡车,无特别需求,50米,50km/h
3888,晴天,白天,湿滑,警察,四处张望,不走向人行道,卡车,无特别需求,100米,50km/h
3911,晴天,白天,湿滑,孕妇,看手机,停留,普通汽车,赶时间（通勤或赶飞机）,50米,50km/h
3913,晴天,白天,湿滑,孕妇,看手机,停留,应急车辆,赶时间（通勤或赶飞机）,10米,25km/h
3920,晴天,白天,湿滑,孕妇,看手机,停留,卡车,赶时间（通勤或赶飞机）,50米,25km/h
3966,晴天,白天,湿滑,孕妇,看手机,走向人行道,普通汽车,赶时间（通勤或赶飞机）,100米,50km/h
3985,晴天,白天,湿滑,孕妇,看手机,走向人行道,应急车辆,无特别需求,10米,25km/h
3994,晴天,白天,湿滑,孕妇,看手机,走向人行道,卡车,无特别需求,10米,50km/h
4000,晴天,白天,湿滑,孕妇,看手机,不走向人行道,普通汽车,紧急（去医院）,10米,50km/h
4008,晴天,白天,湿滑,孕妇,看手机,不走向人行道,应急车辆,紧急（去医院）,100米,50km/h
4014,晴天,白天,湿滑,孕妇,看手机,不走向人行道,卡车,紧急（去医院）,100米,50km/h
4029,晴天,白天,湿滑,孕妇,看手机,不走向人行道,卡车,赶时间（通勤或赶飞机）,100米,25km/h
4035,晴天,白天,湿滑,孕妇,看手机,不走向人行道,普通汽车,无特别需求,100米,25km/h
4038,晴天,白天,湿滑,孕妇,看手机,不走向人行道,普通汽车,无特别需求,100米,50km/h
4047,晴天,白天,湿滑,孕妇,看手机,不走向人行道,卡车,无特别需求,100米,25km/h
4050,晴天,白天,湿滑,孕妇,看手机,不走向人行道,卡车,无特别需求,100米,50km/h
4059,晴天,白天,湿滑,孕妇,与人交谈,停留,应急车辆,紧急（去医院）,100米,25km/h
4070,晴天,白天,湿滑,孕妇,与人交谈,停留,普通汽车,赶时间（通勤或赶飞机）,50米,25km/h
4073,晴天,白天,湿滑,孕妇,与人交谈,停留,普通汽车,赶时间（通勤或赶飞机）,50米,50km/h
4075,晴天,白天,湿滑,孕妇,与人交谈,停留,应急车辆,赶时间（通勤或赶飞机）,10米,25km/h
4098,晴天,白天,湿滑,孕妇,与人交谈,停留,应急车辆,无特别需求,100米,50km/h
4102,晴天,白天,湿滑,孕妇,与人交谈,停留,卡车,无特别需求,10米,50km/h
4111,晴天,白天,湿滑,孕妇,与人交谈,走向人行道,应急车辆,紧急（去医院）,10米,25km/h
4129,晴天,白天,湿滑,孕妇,与人交谈,走向人行道,应急车辆,赶时间（通勤或赶飞机）,10米,25km/h
4141,晴天,白天,湿滑,孕妇,与人交谈,走向人行道,普通汽车,无特别需求,10米,25km/h
4150,晴天,白天,湿滑,孕妇,与人交谈,走向人行道,应急车辆,无特别需求,10米,50km/h
4157,晴天,白天,湿滑,孕妇,与人交谈,走向人行道,卡车,无特别需求,50米,50km/h
4166,晴天,白天,湿滑,孕妇,与人交谈,不走向人行道,应急车辆,紧急（去医院）,50米,25km/h
4179,晴天,白天,湿滑,孕妇,与人交谈,不走向人行道,普通汽车,赶时间（通勤或赶飞机）,100米,25km/h
4187,晴天,白天,湿滑,孕妇,与人交谈,不走向人行道,应急车辆,赶时间（通勤或赶飞机）,50米,50km/h
4190,晴天,白天,湿滑,孕妇,与人交谈,不走向人行道,卡车,赶时间（通勤或赶飞机）,50米,25km/h
4198,晴天,白天,湿滑,孕妇,与人交谈,不走向人行道,普通汽车,无特别需求,10米,50km/h
4220,晴天,白天,湿滑,孕妇,四处张望,停留,应急车辆,紧急（去医院）,50米,25km/h
4231,晴天,白天,湿滑,孕妇,四处张望,停留,普通汽车,赶时间（通勤或赶飞机）,10米,25km/h
4246,晴天,白天,湿滑,孕妇,四处张望,停留,卡车,赶时间（通勤或赶飞机）,10米,50km/h
4253,晴天,白天,湿滑,孕妇,四处张望,停留,普通汽车,无特别需求,50米,50km/h
4266,晴天,白天,湿滑,孕妇,四处张望,停留,卡车,无特别需求,100米,50km/h
4280,晴天,白天,湿滑,孕妇,四处张望,走向人行道,卡车,紧急（去医院）,50米,25km/h
4287,晴天,白天,湿滑,孕妇,四处张望,走向人行道,普通汽车,赶时间（通勤或赶飞机）,100米,25km/h
4294,晴天,白天,湿滑,孕妇,四处张望,走向人行道,应急车辆,赶时间（通勤或赶飞机）,10米,50km/h
4304,晴天,白天,湿滑,孕妇,四处张望,走向人行道,普通汽车,无特别需求,50米,25km/h
4319,晴天,白天,湿滑,孕妇,四处张望,走向人行道,卡车,无特别需求,50米,50km/h
4343,晴天,白天,湿滑,孕妇,四处张望,不走向人行道,普通汽车,赶时间（通勤或赶飞机）,50米,50km/h
4346,晴天,白天,湿滑,孕妇,四处张望,不走向人行道,应急车辆,赶时间（通勤或赶飞机）,50米,25km/h
4348,晴天,白天,湿滑,孕妇,四处张望,不走向人行道,应急车辆,赶时间（通勤或赶飞机）,10米,50km/h
4353,晴天,白天,湿滑,孕妇,四处张望,不走向人行道,卡车,赶时间（通勤或赶飞机）,100米,25km/h
4372,晴天,白天,湿滑,孕妇,四处张望,不走向人行道,卡车,无特别需求,10米,50km/h
4374,晴天,白天,湿滑,孕妇,四处张望,不走向人行道,卡车,无特别需求,100米,50km/h
4376,晴天,白天,湿滑,大学生,看手机,停留,普通汽车,紧急（去医院）,50米,25km/h
4386,晴天,白天,湿滑,大学生,看手机,停留,应急车辆,紧急（去医院）,100米,50km/h
4388,晴天,白天,湿滑,大学生,看手机,停留,卡车,紧急（去医院）,50米,25km/h
4389,晴天,白天,湿滑,大学生,看手机,停留,卡车,紧急（去医院）,100米,25km/h
4392,晴天,白天,湿滑,大学生,看手机,停留,卡车,紧急（去医院）,100米,50km/h
4401,晴天,白天,湿滑,大学生,看手机,停留,应急车辆,赶时间（通勤或赶飞机）,100米,25km/h
4411,晴天,白天,湿滑,大学生,看手机,停留,普通汽车,无特别需求,10米,25km/h
4412,晴天,白天,湿滑,大学生,看手机,停留,普通汽车,无特别需求,50米,25km/h
4414,晴天,白天,湿滑,大学生,看手机,停留,普通汽车,无特别需求,10米,50km/h
4437,晴天,白天,湿滑,大学生,看手机,走向人行道,应急车辆,紧急（去医院）,100米,25km/h
4439,晴天,白天,湿滑,大学生,看手机,走向人行道,应急车辆,紧急（去医院）,50米,50km/h
4443,晴天,白天,湿滑,大学生,看手机,走向人行道,卡车,紧急（去医院）,100米,25km/h
4450,晴天,白天,湿滑,大学生,看手机,走向人行道,普通汽车,赶时间（通勤或赶飞机）,10米,50km/h
4451,晴天,白天,湿滑,大学生,看手机,走向人行道,普通汽车,赶时间（通勤或赶飞机）,50米,50km/h
4463,晴天,白天,湿滑,大学生,看手机,走向人行道,卡车,赶时间（通勤或赶飞机）,50米,50km/h
4473,晴天,白天,湿滑,大学生,看手机,走向人行道,应急车辆,无特别需求,100米,25km/h
4506,晴天,白天,湿滑,大学生,看手机,不走向人行道,普通汽车,赶时间（通勤或赶飞机）,100米,50km/h
4510,晴天,白天,湿滑,大学生,看手机,不走向人行道,应急车辆,赶时间（通勤或赶飞机）,10米,50km/h
4511,晴天,白天,湿滑,大学生,看手机,不走向人行道,应急车辆,赶时间（通勤或赶飞机）,50米,50km/h
4520,晴天,白天,湿滑,大学生,看手机,不走向人行道,普通汽车,无特别需求,50米,25km/h
4526,晴天,白天,湿滑,大学生,看手机,不走向人行道,应急车辆,无特别需求,50米,25km/h
4541,晴天,白天,湿滑,大学生,与人交谈,停留,普通汽车,紧急（去医院）,50米,50km/h
4548,晴天,白天,湿滑,大学生,与人交谈,停留,应急车辆,紧急（去医院）,100米,50km/h
4565,晴天,白天,湿滑,大学生,与人交谈,停留,应急车辆,赶时间（通勤或赶飞机）,50米,50km/h
4581,晴天,白天,湿滑,大学生,与人交谈,停留,应急车辆,无特别需求,100米,25km/h
4603,晴天,白天,湿滑,大学生,与人交谈,走向人行道,卡车,紧急（去医院）,10米,25km/h
4619,晴天,白天,湿滑,大学生,与人交谈,走向人行道,应急车辆,赶时间（通勤或赶飞机）,50米,50km/h
4623,晴天,白天,湿滑,大学生,与人交谈,走向人行道,卡车,赶时间（通勤或赶飞机）,100米,25km/h
4668,晴天,白天,湿滑,大学生,与人交谈,不走向人行道,普通汽车,赶时间（通勤或赶飞机）,100米,50km/h
4703,晴天,白天,湿滑,大学生,四处张望,停留,普通汽车,紧急（去医院）,50米,50km/h
4721,晴天,白天,湿滑,大学生,四处张望,停留,普通汽车,赶时间（通勤或赶飞机）,50米,50km/h
4725,晴天,白天,湿滑,大学生,四处张望,停留,应急车辆,赶时间（通勤或赶飞机）,100米,25km/h
4741,晴天,白天,湿滑,大学生,四处张望,停留,应急车辆,无特别需求,10米,25km/h
4746,晴天,白天,湿滑,大学生,四处张望,停留,应急车辆,无特别需求,100米,50km/h
4751,晴天,白天,湿滑,大学生,四处张望,停留,卡车,无特别需求,50米,50km/h
4756,晴天,白天,湿滑,大学生,四处张望,走向人行道,普通汽车,紧急（去医院）,10米,50km/h
4768,晴天,白天,湿滑,大学生,四处张望,走向人行道,卡车,紧急（去医院）,10米,50km/h
4771,晴天,白天,湿滑,大学生,四处张望,走向人行道,普通汽车,赶时间（通勤或赶飞机）,10米,25km/h
4789,晴天,白天,湿滑,大学生,四处张望,走向人行道,普通汽车,无特别需求,10米,25km/h
4817,晴天,白天,湿滑,大学生,四处张望,不走向人行道,应急车辆,紧急（去医院）,50米,50km/h
4843,晴天,白天,湿滑,大学生,四处张望,不走向人行道,普通汽车,无特别需求,10米,25km/h
4848,晴天,白天,湿滑,大学生,四处张望,不走向人行道,普通汽车,无特别需求,100米,50km/h
4875,晴天,夜晚,干燥,儿童,看手机,停留,卡车,紧急（去医院）,100米,25km/h
4878,晴天,夜晚,干燥,儿童,看手机,停留,卡车,紧急（去医院）,100米,50km/h
4881,晴天,夜晚,干燥,儿童,看手机,停留,普通汽车,赶时间（通勤或赶飞机）,100米,25km/h
4895,晴天,夜晚,干燥,儿童,看手机,停留,卡车,赶时间（通勤或赶飞机）,50米,50km/h
4904,晴天,夜晚,干燥,儿童,看手机,停留,应急车辆,无特别需求,50米,25km/h
4908,晴天,夜晚,干燥,儿童,看手机,停留,应急车辆,无特别需求,100米,50km/h
4910,晴天,夜晚,干燥,儿童,看手机,停留,卡车,无特别需求,50米,25km/h
4922,晴天,夜晚,干燥,儿童,看手机,走向人行道,应急车辆,紧急（去医院）,50米,25km/h
4936,晴天,夜晚,干燥,儿童,看手机,走向人行道,普通汽车,赶时间（通勤或赶飞机）,10米,50km/h
4955,晴天,夜晚,干燥,儿童,看手机,走向人行道,普通汽车,无特别需求,50米,50km/h
4983,晴天,夜晚,干燥,儿童,看手机,不走向人行道,卡车,紧急（去医院）,100米,25km/h
4984,晴天,夜晚,干燥,儿童,看手机,不走向人行道,卡车,紧急（去医院）,10米,50km/h
4986,晴天,夜晚,干燥,儿童,看手机,不走向人行道,卡车,紧急（去医院）,100米,50km/h
4990,晴天,夜晚,干燥,儿童,看手机,不走向人行道,普通汽车,赶时间（通勤或赶飞机）,10米,50km/h
5023,晴天,夜晚,干燥,儿童,与人交谈,停留,普通汽车,紧急（去医院）,10米,25km/h
5029,晴天,夜晚,干燥,儿童,与人交谈,停留,应急车辆,紧急（去医院）,10米,25km/h
5036,晴天,夜晚,干燥,儿童,与人交谈,停留,卡车,紧急（去医院）,50米,25km/h
5072,晴天,夜晚,干燥,儿童,与人交谈,停留,卡车,无特别需求,50米,25km/h
5095,晴天,夜晚,干燥,儿童,与人交谈,走向人行道,普通汽车,赶时间（通勤或赶飞机）,10米,25km/h
5103,晴天,夜晚,干燥,儿童,与人交谈,走向人行道,应急车辆,赶时间（通勤或赶飞机）,100米,25km/h
5116,晴天,夜晚,干燥,儿童,与人交谈,走向人行道,普通汽车,无特别需求,10米,50km/h
5117,晴天,夜晚,干燥,儿童,与人交谈,走向人行道,普通汽车,无特别需求,50米,50km/h
5118,晴天,夜晚,干燥,儿童,与人交谈,走向人行道,普通汽车,无特别需求,100米,50km/h
5129,晴天,夜晚,干燥,儿童,与人交谈,走向人行道,卡车,无特别需求,50米,50km/h
5150,晴天,夜晚,干燥,儿童,与人交谈,不走向人行道,普通汽车,赶时间（通勤或赶飞机）,50米,25km/h
5156,晴天,夜晚,干燥,儿童,与人交谈,不走向人行道,应急车辆,赶时间（通勤或赶飞机）,50米,25km/h
5161,晴天,夜晚,干燥,儿童,与人交谈,不走向人行道,卡车,赶时间（通勤或赶飞机）,10米,25km/h
5171,晴天,夜晚,干燥,儿童,与人交谈,不走向人行道,普通汽车,无特别需求,50米,50km/h
5175,晴天,夜晚,干燥,儿童,与人交谈,不走向人行道,应急车辆,无特别需求,100米,25km/h
5195,晴天,夜晚,干燥,儿童,四处张望,停留,应急车辆,紧急（去医院）,50米,50km/h
5196,晴天,夜晚,干燥,儿童,四处张望,停留,应急车辆,紧急（去医院）,100米,50km/h
5212,晴天,夜晚,干燥,儿童,四处张望,停留,应急车辆,赶时间（通勤或赶飞机）,10米,50km/h
5217,晴天,夜晚,干燥,儿童,四处张望,停留,卡车,赶时间（通勤或赶飞机）,100米,25km/h
5218,晴天,夜晚,干燥,儿童,四处张望,停留,卡车,赶时间（通勤或赶飞机）,10米,50km/h
5225,晴天,夜晚,干燥,儿童,四处张望,停留,普通汽车,无特别需求,50米,50km/h
5237,晴天,夜晚,干燥,儿童,四处张望,停留,卡车,无特别需求,50米,50km/h
5251,晴天,夜晚,干燥,儿童,四处张望,走向人行道,卡车,紧急（去医院）,10米,25km/h
5253,晴天,夜晚,干燥,儿童,四处张望,走向人行道,卡车,紧急（去医院）,100米,25km/h
5268,晴天,夜晚,干燥,儿童,四处张望,走向人行道,应急车辆,赶时间（通勤或赶飞机）,100米,50km/h
5298,晴天,夜晚,干燥,儿童,四处张望,不走向人行道,普通汽车,紧急（去医院）,100米,50km/h
5353,晴天,夜晚,干燥,老人,看手机,停留,应急车辆,紧急（去医院）,10米,25km/h
5364,晴天,夜晚,干燥,老人,看手机,停留,卡车,紧急（去医院）,100米,50km/h
5365,晴天,夜晚,干燥,老人,看手机,停留,普通汽车,赶时间（通勤或赶飞机）,10米,25km/h
5383,晴天,夜晚,干燥,老人,看手机,停留,普通汽车,无特别需求,10米,25km/h
5395,晴天,夜晚,干燥,老人,看手机,停留,卡车,无特别需求,10米,25km/h
5423,晴天,夜晚,干燥,老人,看手机,走向人行道,普通汽车,赶时间（通勤或赶飞机）,50米,50km/h
5432,晴天,夜晚,干燥,老人,看手机,走向人行道,卡车,赶时间（通勤或赶飞机）,50米,25km/h
5437,晴天,夜晚,干燥,老人,看手机,走向人行道,普通汽车,无特别需求,10米,25km/h
5447,晴天,夜晚,干燥,老人,看手机,走向人行道,应急车辆,无特别需求,50米,50km/h
5454,晴天,夜晚,干燥,老人,看手机,走向人行道,卡车,无特别需求,100米,50km/h
5497,晴天,夜晚,干燥,老人,看手机,不走向人行道,应急车辆,无特别需求,10米,25km/h
5503,晴天,夜晚,干燥,老人,看手机,不走向人行道,卡车,无特别需求,10米,25km/h
5514,晴天,夜晚,干燥,老人,与人交谈,停留,普通汽车,紧急（去医院）,100米,50km/h
5515,晴天,夜晚,干燥,老人,与人交谈,停留,应急车辆,紧急（去医院）,10米,25km/h
5549,晴天,夜晚,干燥,老人,与人交谈,停留,普通汽车,无特别需求,50米,50km/h
5550,晴天,夜晚,干燥,老人,与人交谈,停留,普通汽车,无特别需求,100米,50km/h
5558,晴天,夜晚,干燥,老人,与人交谈,停留,卡车,无特别需求,50米,25km/h
5565,晴天,夜晚,干燥,老人,与人交谈,走向人行道,普通汽车,紧急（去医院）,100米,25km/h
5585,晴天,夜晚,干燥,老人,与人交谈,走向人行道,普通汽车,赶时间（通勤或赶飞机）,50米,50km/h
5590,晴天,夜晚,干燥,老人,与人交谈,走向人行道,应急车辆,赶时间（通勤或赶飞机）,10米,50km/h
5599,晴天,夜晚,干燥,老人,与人交谈,走向人行道,普通汽车,无特别需求,10米,25km/h
5606,晴天,夜晚,干燥,老人,与人交谈,走向人行道,应急车辆,无特别需求,50米,25km/h
5621,晴天,夜晚,干燥,老人,与人交谈,不走向人行道,普通汽车,紧急（去医院）,50米,50km/h
5633,晴天,夜晚,干燥,老人,与人交谈,不走向人行道,卡车,紧急（去医院）,50米,50km/h
5654,晴天,夜晚,干燥,老人,与人交谈,不走向人行道,普通汽车,无特别需求,50米,25km/h
5668,晴天,夜晚,干燥,老人,与人交谈,不走向人行道,卡车,无特别需求,10米,50km/h
5684,晴天,夜晚,干燥,老人,四处张望,停留,卡车,紧急（去医院）,50米,25km/h
5686,晴天,夜晚,干燥,老人,四处张望,停留,卡车,紧急（去医院）,10米,50km/h
5690,晴天,夜晚,干燥,老人,四处张望,停留,普通汽车,赶时间（通勤或赶飞机）,50米,25km/h
5702,晴天,夜晚,干燥,老人,四处张望,停留,卡车,赶时间（通勤或赶飞机）,50米,25km/h
5703,晴天,夜晚,干燥,老人,四处张望,停留,卡车,赶时间（通勤或赶飞机）,100米,25km/h
5710,晴天,夜晚,干燥,老人,四处张望,停留,普通汽车,无特别需求,10米,50km/h
5715,晴天,夜晚,干燥,老人,四处张望,停留,应急车辆,无特别需求,100米,25km/h
5717,晴天,夜晚,干燥,老人,四处张望,停留,应急车辆,无特别需求,50米,50km/h
5737,晴天,夜晚,干燥,老人,四处张望,走向人行道,卡车,紧急（去医院）,10米,25km/h
5747,晴天,夜晚,干燥,老人,四处张望,走向人行道,普通汽车,赶时间（通勤或赶飞机）,50米,50km/h
5752,晴天,夜晚,干燥,老人,四处张望,走向人行道,应急车辆,赶时间（通勤或赶飞机）,10米,50km/h
5764,晴天,夜晚,干燥,老人,四处张望,走向人行道,普通汽车,无特别需求,10米,50km/h
5793,晴天,夜晚,干燥,老人,四处张望,不走向人行道,卡车,紧急（去医院）,100米,25km/h
5810,晴天,夜晚,干燥,老人,四处张望,不走向人行道,卡车,赶时间（通勤或赶飞机）,50米,25km/h
5815,晴天,夜晚,干燥,老人,四处张望,不走向人行道,普通汽车,无特别需求,10米,25km/h
5818,晴天,夜晚,干燥,老人,四处张望,不走向人行道,普通汽车,无特别需求,10米,50km/h
5847,晴天,夜晚,干燥,警察,看手机,停留,卡车,紧急（去医院）,100米,25km/h
5850,晴天,夜晚,干燥,警察,看手机,停留,卡车,紧急（去医院）,100米,50km/h
5863,晴天,夜晚,干燥,警察,看手机,停留,卡车,赶时间（通勤或赶飞机）,10米,25km/h
5865,晴天,夜晚,干燥,警察,看手机,停留,卡车,赶时间（通勤或赶飞机）,100米,25km/h
5866,晴天,夜晚,干燥,警察,看手机,停留,卡车,赶时间（通勤或赶飞机）,10米,50km/h
5886,晴天,夜晚,干燥,警察,看手机,停留,卡车,无特别需求,100米,50km/h
5888,晴天,夜晚,干燥,警察,看手机,走向人行道,普通汽车,紧急（去医院）,50米,25km/h
5889,晴天,夜晚,干燥,警察,看手机,走向人行道,普通汽车,紧急（去医院）,100米,25km/h
5895,晴天,夜晚,干燥,警察,看手机,走向人行道,应急车辆,紧急（去医院）,100米,25km/h
5924,晴天,夜晚,干燥,警察,看手机,走向人行道,普通汽车,无特别需求,50米,25km/h
5926,晴天,夜晚,干燥,警察,看手机,走向人行道,普通汽车,无特别需求,10米,50km/h
5938,晴天,夜晚,干燥,警察,看手机,走向人行道,卡车,无特别需求,10米,50km/h
5966,晴天,夜晚,干燥,警察,看手机,不走向人行道,应急车辆,赶时间（通勤或赶飞机）,50米,25km/h
5972,晴天,夜晚,干燥,警察,看手机,不走向人行道,卡车,赶时间（通勤或赶飞机）,50米,25km/h
5991,晴天,夜晚,干燥,警察,看手机,不走向人行道,卡车,无特别需求,100米,25km/h
5993,晴天,夜晚,干燥,警察,看手机,不走向人行道,卡车,无特别需求,50米,50km/h
5999,晴天,夜晚,干燥,警察,与人交谈,停留,普通汽车,紧急（去医院）,50米,50km/h
6000,晴天,夜晚,干燥,警察,与人交谈,停留,普通汽车,紧急（去医院）,100米,50km/h
6012,晴天,夜晚,干燥,警察,与人交谈,停留,卡车,紧急（去医院）,100米,50km/h
6014,晴天,夜晚,干燥,警察,与人交谈,停留,普通汽车,赶时间（通勤或赶飞机）,50米,25km/h
6024,晴天,夜晚,干燥,警察,与人交谈,停留,应急车辆,赶时间（通勤或赶飞机）,100米,50km/h
6028,晴天,夜晚,干燥,警察,与人交谈,停留,卡车,赶时间（通勤或赶飞机）,10米,50km/h
6063,晴天,夜晚,干燥,警察,与人交谈,走向人行道,卡车,紧急（去医院）,100米,25km/h
6065,晴天,夜晚,干燥,警察,与人交谈,走向人行道,卡车,紧急（去医院）,50米,50km/h
6067,晴天,夜晚,干燥,警察,与人交谈,走向人行道,普通汽车,赶时间（通勤或赶飞机）,10米,25km/h
6070,晴天,夜晚,干燥,警察,与人交谈,走向人行道,普通汽车,赶时间（通勤或赶飞机）,10米,50km/h
6077,晴天,夜晚,干燥,警察,与人交谈,走向人行道,应急车辆,赶时间（通勤或赶飞机）,50米,50km/h
6085,晴天,夜晚,干燥,警察,与人交谈,走向人行道,普通汽车,无特别需求,10米,25km/h
6088,晴天,夜晚,干燥,警察,与人交谈,走向人行道,普通汽车,无特别需求,10米,50km/h
6109,晴天,夜晚,干燥,警察,与人交谈,不走向人行道,应急车辆,紧急（去医院）,10米,25km/h
6114,晴天,夜晚,干燥,警察,与人交谈,不走向人行道,应急车辆,紧急（去医院）,100米,50km/h
6120,晴天,夜晚,干燥,警察,与人交谈,不走向人行道,卡车,紧急（去医院）,100米,50km/h
6135,晴天,夜晚,干燥,警察,与人交谈,不走向人行道,卡车,赶时间（通勤或赶飞机）,100米,25km/h
6138,晴天,夜晚,干燥,警察,与人交谈,不走向人行道,卡车,赶时间（通勤或赶飞机）,100米,50km/h
6139,晴天,夜晚,干燥,警察,与人交谈,不走向人行道,普通汽车,无特别需求,10米,25km/h
6144,晴天,夜晚,干燥,警察,与人交谈,不走向人行道,普通汽车,无特别需求,100米,50km/h
6146,晴天,夜晚,干燥,警察,与人交谈,不走向人行道,应急车辆,无特别需求,50米,25km/h
6149,晴天,夜晚,干燥,警察,与人交谈,不走向人行道,应急车辆,无特别需求,50米,50km/h
6166,晴天,夜晚,干燥,警察,四处张望,停留,应急车辆,紧急（去医院）,10米,50km/h
6180,晴天,夜晚,干燥,警察,四处张望,停留,普通汽车,赶时间（通勤或赶飞机）,100米,50km/h
6181,晴天,夜晚,干燥,警察,四处张望,停留,应急车辆,赶时间（通勤或赶飞机）,10米,25km/h
6203,晴天,夜晚,干燥,警察,四处张望,停留,应急车辆,无特别需求,50米,50km/h
6207,晴天,夜晚,干燥,警察,四处张望,停留,卡车,无特别需求,100米,25km/h
6210,晴天,夜晚,干燥,警察,四处张望,停留,卡车,无特别需求,100米,50km/h
6211,晴天,夜晚,干燥,警察,四处张望,走向人行道,普通汽车,紧急（去医院）,10米,25km/h
6238,晴天,夜晚,干燥,警察,四处张望,走向人行道,应急车辆,赶时间（通勤或赶飞机）,10米,50km/h
6326,晴天,夜晚,干燥,孕妇,看手机,停留,应急车辆,紧急（去医院）,50米,25km/h
6368,晴天,夜晚,干燥,孕妇,看手机,停留,卡车,无特别需求,50米,25km/h
6389,晴天,夜晚,干燥,孕妇,看手机,走向人行道,卡车,紧急（去医院）,50米,50km/h
6390,晴天,夜晚,干燥,孕妇,看手机,走向人行道,卡车,紧急（去医院）,100米,50km/h
6391,晴天,夜晚,干燥,孕妇,看手机,走向人行道,普通汽车,赶时间（通勤或赶飞机）,10米,25km/h
6403,晴天,夜晚,干燥,孕妇,看手机,走向人行道,卡车,赶时间（通勤或赶飞机）,10米,25km/h
6422,晴天,夜晚,干燥,孕妇,看手机,走向人行道,卡车,无特别需求,50米,25km/h
6435,晴天,夜晚,干燥,孕妇,看手机,不走向人行道,应急车辆,紧急（去医院）,100米,25km/h
6443,晴天,夜晚,干燥,孕妇,看手机,不走向人行道,卡车,紧急（去医院）,50米,50km/h
6464,晴天,夜晚,干燥,孕妇,看手机,不走向人行道,普通汽车,无特别需求,50米,25km/h
6473,晴天,夜晚,干燥,孕妇,看手机,不走向人行道,应急车辆,无特别需求,50米,50km/h
6474,晴天,夜晚,干燥,孕妇,看手机,不走向人行道,应急车辆,无特别需求,100米,50km/h
6511,晴天,夜晚,干燥,孕妇,与人交谈,停留,卡车,赶时间（通勤或赶飞机）,10米,25km/h
6516,晴天,夜晚,干燥,孕妇,与人交谈,停留,卡车,赶时间（通勤或赶飞机）,100米,50km/h
6518,晴天,夜晚,干燥,孕妇,与人交谈,停留,普通汽车,无特别需求,50米,25km/h
6533,晴天,夜晚,干燥,孕妇,与人交谈,停留,卡车,无特别需求,50米,50km/h
6546,晴天,夜晚,干燥,孕妇,与人交谈,走向人行道,应急车辆,紧急（去医院）,100米,50km/h
6600,晴天,夜晚,干燥,孕妇,与人交谈,不走向人行道,应急车辆,紧急（去医院）,100米,50km/h
6602,晴天,夜晚,干燥,孕妇,与人交谈,不走向人行道,卡车,紧急（去医院）,50米,25km/h
6661,晴天,夜晚,干燥,孕妇,四处张望,停留,普通汽车,赶时间（通勤或赶飞机）,10米,25km/h
6678,晴天,夜晚,干燥,孕妇,四处张望,停留,卡车,赶时间（通勤或赶飞机）,100米,50km/h
6686,晴天,夜晚,干燥,孕妇,四处张望,停留,应急车辆,无特别需求,50米,25km/h
6689,晴天,夜晚,干燥,孕妇,四处张望,停留,应急车辆,无特别需求,50米,50km/h
6696,晴天,夜晚,干燥,孕妇,四处张望,停留,卡车,无特别需求,100米,50km/h
6718,晴天,夜晚,干燥,孕妇,四处张望,走向人行道,普通汽车,赶时间（通勤或赶飞机）,10米,50km/h
6735,晴天,夜晚,干燥,孕妇,四处张望,走向人行道,普通汽车,无特别需求,100米,25km/h
6770,晴天,夜晚,干燥,孕妇,四处张望,不走向人行道,普通汽车,赶时间（通勤或赶飞机）,50米,25km/h
6799,晴天,夜晚,干燥,孕妇,四处张望,不走向人行道,卡车,无特别需求,10米,25km/h
6805,晴天,夜晚,干燥,大学生,看手机,停留,普通汽车,紧急（去医院）,10米,25km/h
6813,晴天,夜晚,干燥,大学生,看手机,停留,应急车辆,紧急（去医院）,100米,25km/h
6814,晴天,夜晚,干燥,大学生,看手机,停留,应急车辆,紧急（去医院）,10米,50km/h
6836,晴天,夜晚,干燥,大学生,看手机,停留,卡车,赶时间（通勤或赶飞机）,50米,25km/h
6837,晴天,夜晚,干燥,大学生,看手机,停留,卡车,赶时间（通勤或赶飞机）,100米,25km/h
6847,晴天,夜晚,干燥,大学生,看手机,停留,应急车辆,无特别需求,10米,25km/h
6848,晴天,夜晚,干燥,大学生,看手机,停留,应急车辆,无特别需求,50米,25km/h
6849,晴天,夜晚,干燥,大学生,看手机,停留,应急车辆,无特别需求,100米,25km/h
6864,晴天,夜晚,干燥,大学生,看手机,走向人行道,普通汽车,紧急（去医院）,100米,50km/h
6873,晴天,夜晚,干燥,大学生,看手机,走向人行道,卡车,紧急（去医院）,100米,25km/h
6880,晴天,夜晚,干燥,大学生,看手机,走向人行道,普通汽车,赶时间（通勤或赶飞机）,10米,50km/h
6881,晴天,夜晚,干燥,大学生,看手机,走向人行道,普通汽车,赶时间（通勤或赶飞机）,50米,50km/h
6888,晴天,夜晚,干燥,大学生,看手机,走向人行道,应急车辆,赶时间（通勤或赶飞机）,100米,50km/h
6897,晴天,夜晚,干燥,大学生,看手机,走向人行道,普通汽车,无特别需求,100米,25km/h
6905,晴天,夜晚,干燥,大学生,看手机,走向人行道,应急车辆,无特别需求,50米,50km/h
6908,晴天,夜晚,干燥,大学生,看手机,走向人行道,卡车,无特别需求,50米,25km/h
6917,晴天,夜晚,干燥,大学生,看手机,不走向人行道,普通汽车,紧急（去医院）,50米,50km/h
6935,晴天,夜晚,干燥,大学生,看手机,不走向人行道,普通汽车,赶时间（通勤或赶飞机）,50米,50km/h
6947,晴天,夜晚,干燥,大学生,看手机,不走向人行道,卡车,赶时间（通勤或赶飞机）,50米,50km/h
6957,晴天,夜晚,干燥,大学生,看手机,不走向人行道,应急车辆,无特别需求,100米,25km/h
7041,晴天,夜晚,干燥,大学生,与人交谈,走向人行道,普通汽车,赶时间（通勤或赶飞机）,100米,25km/h
7076,晴天,夜晚,干燥,大学生,与人交谈,不走向人行道,普通汽车,紧急（去医院）,50米,25km/h
7095,晴天,夜晚,干燥,大学生,与人交谈,不走向人行道,普通汽车,赶时间（通勤或赶飞机）,100米,25km/h
7133,晴天,夜晚,干燥,大学生,四处张望,停留,普通汽车,紧急（去医院）,50米,50km/h
7158,晴天,夜晚,干燥,大学生,四处张望,停留,应急车辆,赶时间（通勤或赶飞机）,100米,50km/h
7162,晴天,夜晚,干燥,大学生,四处张望,停留,卡车,赶时间（通勤或赶飞机）,10米,50km/h
7200,晴天,夜晚,干燥,大学生,四处张望,走向人行道,卡车,紧急（去医院）,100米,50km/h
7216,晴天,夜晚,干燥,大学生,四处张望,走向人行道,卡车,赶时间（通勤或赶飞机）,10米,50km/h
7225,晴天,夜晚,干燥,大学生,四处张望,走向人行道,应急车辆,无特别需求,10米,25km/h
7269,晴天,夜晚,干燥,大学生,四处张望,不走向人行道,卡车,赶时间（通勤或赶飞机）,100米,25km/h
7285,晴天,夜晚,干燥,大学生,四处张望,不走向人行道,卡车,无特别需求,10米,25km/h
7294,晴天,夜晚,湿滑,儿童,看手机,停留,普通汽车,紧急（去医院）,10米,50km/h
7304,晴天,夜晚,湿滑,儿童,看手机,停留,卡车,紧急（去医院）,50米,25km/h
7322,晴天,夜晚,湿滑,儿童,看手机,停留,卡车,赶时间（通勤或赶飞机）,50米,25km/h
7325,晴天,夜晚,湿滑,儿童,看手机,停留,卡车,赶时间（通勤或赶飞机）,50米,50km/h
7361,晴天,夜晚,湿滑,儿童,看手机,走向人行道,卡车,紧急（去医院）,50米,50km/h
7376,晴天,夜晚,湿滑,儿童,看手机,走向人行道,卡车,赶时间（通勤或赶飞机）,50米,25km/h
7396,晴天,夜晚,湿滑,儿童,看手机,走向人行道,卡车,无特别需求,10米,50km/h
7435,晴天,夜晚,湿滑,儿童,看手机,不走向人行道,普通汽车,无特别需求,10米,25km/h
7443,晴天,夜晚,湿滑,儿童,看手机,不走向人行道,应急车辆,无特别需求,100米,25km/h
7460,晴天,夜晚,湿滑,儿童,与人交谈,停留,应急车辆,紧急（去医院）,50米,25km/h
7464,晴天,夜晚,湿滑,儿童,与人交谈,停留,应急车辆,紧急（去医院）,100米,50km/h
7475,晴天,夜晚,湿滑,儿童,与人交谈,停留,普通汽车,赶时间（通勤或赶飞机）,50米,50km/h
7477,晴天,夜晚,湿滑,儿童,与人交谈,停留,应急车辆,赶时间（通勤或赶飞机）,10米,25km/h
7478,晴天,夜晚,湿滑,儿童,与人交谈,停留,应急车辆,赶时间（通勤或赶飞机）,50米,25km/h
7500,晴天,夜晚,湿滑,儿童,与人交谈,停留,应急车辆,无特别需求,100米,50km/h
7509,晴天,夜晚,湿滑,儿童,与人交谈,走向人行道,普通汽车,紧急（去医院）,100米,25km/h
7512,晴天,夜晚,湿滑,儿童,与人交谈,走向人行道,普通汽车,紧急（去医院）,100米,50km/h
7514,晴天,夜晚,湿滑,儿童,与人交谈,走向人行道,应急车辆,紧急（去医院）,50米,25km/h
7516,晴天,夜晚,湿滑,儿童,与人交谈,走向人行道,应急车辆,紧急（去医院）,10米,50km/h
7519,晴天,夜晚,湿滑,儿童,与人交谈,走向人行道,卡车,紧急（去医院）,10米,25km/h
7536,晴天,夜晚,湿滑,儿童,与人交谈,走向人行道,应急车辆,赶时间（通勤或赶飞机）,100米,50km/h
7552,晴天,夜晚,湿滑,儿童,与人交谈,走向人行道,应急车辆,无特别需求,10米,50km/h
7556,晴天,夜晚,湿滑,儿童,与人交谈,走向人行道,卡车,无特别需求,50米,25km/h
7559,晴天,夜晚,湿滑,儿童,与人交谈,走向人行道,卡车,无特别需求,50米,50km/h
7563,晴天,夜晚,湿滑,儿童,与人交谈,不走向人行道,普通汽车,紧急（去医院）,100米,25km/h
7568,晴天,夜晚,湿滑,儿童,与人交谈,不走向人行道,应急车辆,紧急（去医院）,50米,25km/h
7571,晴天,夜晚,湿滑,儿童,与人交谈,不走向人行道,应急车辆,紧急（去医院）,50米,50km/h
7589,晴天,夜晚,湿滑,儿童,与人交谈,不走向人行道,应急车辆,赶时间（通勤或赶飞机）,50米,50km/h
7593,晴天,夜晚,湿滑,儿童,与人交谈,不走向人行道,卡车,赶时间（通勤或赶飞机）,100米,25km/h
7604,晴天,夜晚,湿滑,儿童,与人交谈,不走向人行道,应急车辆,无特别需求,50米,25km/h
7624,晴天,夜晚,湿滑,儿童,四处张望,停留,应急车辆,紧急（去医院）,10米,50km/h
7639,晴天,夜晚,湿滑,儿童,四处张望,停留,应急车辆,赶时间（通勤或赶飞机）,10米,25km/h
7663,晴天,夜晚,湿滑,儿童,四处张望,停留,卡车,无特别需求,10米,25km/h
7664,晴天,夜晚,湿滑,儿童,四处张望,停留,卡车,无特别需求,50米,25km/h
7673,晴天,夜晚,湿滑,儿童,四处张望,走向人行道,普通汽车,紧急（去医院）,50米,50km/h
7683,晴天,夜晚,湿滑,儿童,四处张望,走向人行道,卡车,紧急（去医院）,100米,25km/h
7692,晴天,夜晚,湿滑,儿童,四处张望,走向人行道,普通汽车,赶时间（通勤或赶飞机）,100米,50km/h
7720,晴天,夜晚,湿滑,儿童,四处张望,走向人行道,卡车,无特别需求,10米,50km/h
7722,晴天,夜晚,湿滑,儿童,四处张望,走向人行道,卡车,无特别需求,100米,50km/h
7726,晴天,夜晚,湿滑,儿童,四处张望,不走向人行道,普通汽车,紧急（去医院）,10米,50km/h
7730,晴天,夜晚,湿滑,儿童,四处张望,不走向人行道,应急车辆,紧急（去医院）,50米,25km/h
7732,晴天,夜晚,湿滑,儿童,四处张望,不走向人行道,应急车辆,紧急（去医院）,10米,50km/h
7745,晴天,夜晚,湿滑,儿童,四处张望,不走向人行道,普通汽车,赶时间（通勤或赶飞机）,50米,50km/h
7780,晴天,夜晚,湿滑,老人,看手机,停留,普通汽车,紧急（去医院）,10米,50km/h
7781,晴天,夜晚,湿滑,老人,看手机,停留,普通汽车,紧急（去医院）,50米,50km/h
7782,晴天,夜晚,湿滑,老人,看手机,停留,普通汽车,紧急（去医院）,100米,50km/h
7807,晴天,夜晚,湿滑,老人,看手机,停留,卡车,赶时间（通勤或赶飞机）,10米,25km/h
7811,晴天,夜晚,湿滑,老人,看手机,停留,卡车,赶时间（通勤或赶飞机）,50米,50km/h
7817,晴天,夜晚,湿滑,老人,看手机,停留,普通汽车,无特别需求,50米,50km/h
7829,晴天,夜晚,湿滑,老人,看手机,停留,卡车,无特别需求,50米,50km/h
7859,晴天,夜晚,湿滑,老人,看手机,走向人行道,应急车辆,赶时间（通勤或赶飞机）,50米,50km/h
7882,晴天,夜晚,湿滑,老人,看手机,走向人行道,卡车,无特别需求,10米,50km/h
7898,晴天,夜晚,湿滑,老人,看手机,不走向人行道,卡车,紧急（去医院）,50米,25km/h
7920,晴天,夜晚,湿滑,老人,看手机,不走向人行道,卡车,赶时间（通勤或赶飞机）,100米,50km/h
7923,晴天,夜晚,湿滑,老人,看手机,不走向人行道,普通汽车,无特别需求,100米,25km/h
7933,晴天,夜晚,湿滑,老人,看手机,不走向人行道,卡车,无特别需求,10米,25km/h
7945,晴天,夜晚,湿滑,老人,与人交谈,停留,应急车辆,紧急（去医院）,10米,25km/h
7946,晴天,夜晚,湿滑,老人,与人交谈,停留,应急车辆,紧急（去医院）,50米,25km/h
7950,晴天,夜晚,湿滑,老人,与人交谈,停留,应急车辆,紧急（去医院）,100米,50km/h
7970,晴天,夜晚,湿滑,老人,与人交谈,停留,卡车,赶时间（通勤或赶飞机）,50米,25km/h
8019,晴天,夜晚,湿滑,老人,与人交谈,走向人行道,应急车辆,赶时间（通勤或赶飞机）,100米,25km/h
8055,晴天,夜晚,湿滑,老人,与人交谈,不走向人行道,应急车辆,紧急（去医院）,100米,25km/h
8057,晴天,夜晚,湿滑,老人,与人交谈,不走向人行道,应急车辆,紧急（去医院）,50米,50km/h
8086,晴天,夜晚,湿滑,老人,与人交谈,不走向人行道,普通汽车,无特别需求,10米,50km/h
8088,晴天,夜晚,湿滑,老人,与人交谈,不走向人行道,普通汽车,无特别需求,100米,50km/h
8138,晴天,夜晚,湿滑,老人,四处张望,停留,普通汽车,无特别需求,50米,25km/h
8139,晴天,夜晚,湿滑,老人,四处张望,停留,普通汽车,无特别需求,100米,25km/h
8141,晴天,夜晚,湿滑,老人,四处张望,停留,普通汽车,无特别需求,50米,50km/h
8143,晴天,夜晚,湿滑,老人,四处张望,停留,应急车辆,无特别需求,10米,25km/h
8146,晴天,夜晚,湿滑,老人,四处张望,停留,应急车辆,无特别需求,10米,50km/h
8154,晴天,夜晚,湿滑,老人,四处张望,停留,卡车,无特别需求,100米,50km/h
8193,晴天,夜晚,湿滑,老人,四处张望,走向人行道,普通汽车,无特别需求,100米,25km/h
8201,晴天,夜晚,湿滑,老人,四处张望,走向人行道,应急车辆,无特别需求,50米,50km/h
8212,晴天,夜晚,湿滑,老人,四处张望,不走向人行道,普通汽车,紧急（去医院）,10米,50km/h
8214,晴天,夜晚,湿滑,老人,四处张望,不走向人行道,普通汽车,紧急（去医院）,100米,50km/h
8238,晴天,夜晚,湿滑,老人,四处张望,不走向人行道,应急车辆,赶时间（通勤或赶飞机）,100米,50km/h
8239,晴天,夜晚,湿滑,老人,四处张望,不走向人行道,卡车,赶时间（通勤或赶飞机）,10米,25km/h
8248,晴天,夜晚,湿滑,老人,四处张望,不走向人行道,普通汽车,无特别需求,10米,50km/h
8261,晴天,夜晚,湿滑,老人,四处张望,不走向人行道,卡车,无特别需求,50米,50km/h
8271,晴天,夜晚,湿滑,警察,看手机,停留,应急车辆,紧急（去医院）,100米,25km/h
8272,晴天,夜晚,湿滑,警察,看手机,停留,应急车辆,紧急（去医院）,10米,50km/h
8281,晴天,夜晚,湿滑,警察,看手机,停留,普通汽车,赶时间（通勤或赶飞机）,10米,25km/h
8305,晴天,夜晚,湿滑,警察,看手机,停留,应急车辆,无特别需求,10米,25km/h
8324,晴天,夜晚,湿滑,警察,看手机,走向人行道,应急车辆,紧急（去医院）,50米,25km/h
8328,晴天,夜晚,湿滑,警察,看手机,走向人行道,应急车辆,紧急（去医院）,100米,50km/h
8337,晴天,夜晚,湿滑,警察,看手机,走向人行道,普通汽车,赶时间（通勤或赶飞机）,100米,25km/h
8349,晴天,夜晚,湿滑,警察,看手机,走向人行道,卡车,赶时间（通勤或赶飞机）,100米,25km/h
8361,晴天,夜晚,湿滑,警察,看手机,走向人行道,应急车辆,无特别需求,100米,25km/h
8362,晴天,夜晚,湿滑,警察,看手机,走向人行道,应急车辆,无特别需求,10米,50km/h
8378,晴天,夜晚,湿滑,警察,看手机,不走向人行道,应急车辆,紧急（去医院）,50米,25km/h
8396,晴天,夜晚,湿滑,警察,看手机,不走向人行道,应急车辆,赶时间（通勤或赶飞机）,50米,25km/h
8404,晴天,夜晚,湿滑,警察,看手机,不走向人行道,卡车,赶时间（通勤或赶飞机）,10米,50km/h
8405,晴天,夜晚,湿滑,警察,看手机,不走向人行道,卡车,赶时间（通勤或赶飞机）,50米,50km/h
8411,晴天,夜晚,湿滑,警察,看手机,不走向人行道,普通汽车,无特别需求,50米,50km/h
8427,晴天,夜晚,湿滑,警察,与人交谈,停留,普通汽车,紧急（去医院）,100米,25km/h
8438,晴天,夜晚,湿滑,警察,与人交谈,停留,卡车,紧急（去医院）,50米,25km/h
8444,晴天,夜晚,湿滑,警察,与人交谈,停留,普通汽车,赶时间（通勤或赶飞机）,50米,25km/h
8452,晴天,夜晚,湿滑,警察,与人交谈,停留,应急车辆,赶时间（通勤或赶飞机）,10米,50km/h
8453,晴天,夜晚,湿滑,警察,与人交谈,停留,应急车辆,赶时间（通勤或赶飞机）,50米,50km/h
8454,晴天,夜晚,湿滑,警察,与人交谈,停留,应急车辆,赶时间（通勤或赶飞机）,100米,50km/h
8488,晴天,夜晚,湿滑,警察,与人交谈,走向人行道,应急车辆,紧急（去医院）,10米,50km/h
8493,晴天,夜晚,湿滑,警察,与人交谈,走向人行道,卡车,紧急（去医院）,100米,25km/h
8500,晴天,夜晚,湿滑,警察,与人交谈,走向人行道,普通汽车,赶时间（通勤或赶飞机）,10米,50km/h
8511,晴天,夜晚,湿滑,警察,与人交谈,走向人行道,卡车,赶时间（通勤或赶飞机）,100米,25km/h
8518,晴天,夜晚,湿滑,警察,与人交谈,走向人行道,普通汽车,无特别需求,10米,50km/h
8524,晴天,夜晚,湿滑,警察,与人交谈,走向人行道,应急车辆,无特别需求,10米,50km/h
8526,晴天,夜晚,湿滑,警察,与人交谈,走向人行道,应急车辆,无特别需求,100米,50km/h
8563,晴天,夜晚,湿滑,警察,与人交谈,不走向人行道,卡车,赶时间（通勤或赶飞机）,10米,25km/h
8569,晴天,夜晚,湿滑,警察,与人交谈,不走向人行道,普通汽车,无特别需求,10米,25km/h
8583,晴天,夜晚,湿滑,警察,与人交谈,不走向人行道,卡车,无特别需求,100米,25km/h
8585,晴天,夜晚,湿滑,警察,与人交谈,不走向人行道,卡车,无特别需求,50米,50km/h
8586,晴天,夜晚,湿滑,警察,与人交谈,不走向人行道,卡车,无特别需求,100米,50km/h
8611,晴天,夜晚,湿滑,警察,四处张望,停留,应急车辆,赶时间（通勤或赶飞机）,10米,25km/h
8613,晴天,夜晚,湿滑,警察,四处张望,停留,应急车辆,赶时间（通勤或赶飞机）,100米,25km/h
8633,晴天,夜晚,湿滑,警察,四处张望,停留,应急车辆,无特别需求,50米,50km/h
8638,晴天,夜晚,湿滑,警察,四处张望,停留,卡车,无特别需求,10米,50km/h
8646,晴天,夜晚,湿滑,警察,四处张望,走向人行道,普通汽车,紧急（去医院）,100米,50km/h
8658,晴天,夜晚,湿滑,警察,四处张望,走向人行道,卡车,紧急（去医院）,100米,50km/h
8661,晴天,夜晚,湿滑,警察,四处张望,走向人行道,普通汽车,赶时间（通勤或赶飞机）,100米,25km/h
8680,晴天,夜晚,湿滑,警察,四处张望,走向人行道,普通汽车,无特别需求,10米,50km/h
8688,晴天,夜晚,湿滑,警察,四处张望,走向人行道,应急车辆,无特别需求,100米,50km/h
8723,晴天,夜晚,湿滑,警察,四处张望,不走向人行道,应急车辆,赶时间（通勤或赶飞机）,50米,50km/h
8736,晴天,夜晚,湿滑,警察,四处张望,不走向人行道,普通汽车,无特别需求,100米,50km/h
8749,晴天,夜晚,湿滑,孕妇,看手机,停留,普通汽车,紧急（去医院）,10米,25km/h
8758,晴天,夜晚,湿滑,孕妇,看手机,停留,应急车辆,紧急（去医院）,10米,50km/h
8764,晴天,夜晚,湿滑,孕妇,看手机,停留,卡车,紧急（去医院）,10米,50km/h
8786,晴天,夜晚,湿滑,孕妇,看手机,停留,普通汽车,无特别需求,50米,25km/h
8798,晴天,夜晚,湿滑,孕妇,看手机,停留,卡车,无特别需求,50米,25km/h
8815,晴天,夜晚,湿滑,孕妇,看手机,走向人行道,卡车,紧急（去医院）,10米,25km/h
8827,晴天,夜晚,湿滑,孕妇,看手机,走向人行道,应急车辆,赶时间（通勤或赶飞机）,10米,25km/h
8834,晴天,夜晚,湿滑,孕妇,看手机,走向人行道,卡车,赶时间（通勤或赶飞机）,50米,25km/h
8841,晴天,夜晚,湿滑,孕妇,看手机,走向人行道,普通汽车,无特别需求,100米,25km/h
8855,晴天,夜晚,湿滑,孕妇,看手机,走向人行道,卡车,无特别需求,50米,50km/h
8883,晴天,夜晚,湿滑,孕妇,看手机,不走向人行道,应急车辆,赶时间（通勤或赶飞机）,100米,25km/h
8893,晴天,夜晚,湿滑,孕妇,看手机,不走向人行道,普通汽车,无特别需求,10米,25km/h
8905,晴天,夜晚,湿滑,孕妇,看手机,不走向人行道,卡车,无特别需求,10米,25km/h
8908,晴天,夜晚,湿滑,孕妇,看手机,不走向人行道,卡车,无特别需求,10米,50km/h
8926,晴天,夜晚,湿滑,孕妇,与人交谈,停留,卡车,紧急（去医院）,10米,50km/h
8931,晴天,夜晚,湿滑,孕妇,与人交谈,停留,普通汽车,赶时间（通勤或赶飞机）,100米,25km/h
8937,晴天,夜晚,湿滑,孕妇,与人交谈,停留,应急车辆,赶时间（通勤或赶飞机）,100米,25km/h
8940,晴天,夜晚,湿滑,孕妇,与人交谈,停留,应急车辆,赶时间（通勤或赶飞机）,100米,50km/h
8949,晴天,夜晚,湿滑,孕妇,与人交谈,停留,普通汽车,无特别需求,100米,25km/h
8954,晴天,夜晚,湿滑,孕妇,与人交谈,停留,应急车辆,无特别需求,50米,25km/h
8956,晴天,夜晚,湿滑,孕妇,与人交谈,停留,应急车辆,无特别需求,10米,50km/h
8973,晴天,夜晚,湿滑,孕妇,与人交谈,走向人行道,应急车辆,紧急（去医院）,100米,25km/h
8978,晴天,夜晚,湿滑,孕妇,与人交谈,走向人行道,卡车,紧急（去医院）,50米,25km/h
8987,晴天,夜晚,湿滑,孕妇,与人交谈,走向人行道,普通汽车,赶时间（通勤或赶飞机）,50米,50km/h
8994,晴天,夜晚,湿滑,孕妇,与人交谈,走向人行道,应急车辆,赶时间（通勤或赶飞机）,100米,50km/h
9001,晴天,夜晚,湿滑,孕妇,与人交谈,走向人行道,普通汽车,无特别需求,10米,25km/h
9007,晴天,夜晚,湿滑,孕妇,与人交谈,走向人行道,应急车辆,无特别需求,10米,25km/h
9043,晴天,夜晚,湿滑,孕妇,与人交谈,不走向人行道,应急车辆,赶时间（通勤或赶飞机）,10米,25km/h
9055,晴天,夜晚,湿滑,孕妇,与人交谈,不走向人行道,普通汽车,无特别需求,10米,25km/h
9092,晴天,夜晚,湿滑,孕妇,四处张望,停留,普通汽车,赶时间（通勤或赶飞机）,50米,25km/h
9093,晴天,夜晚,湿滑,孕妇,四处张望,停留,普通汽车,赶时间（通勤或赶飞机）,100米,25km/h
9098,晴天,夜晚,湿滑,孕妇,四处张望,停留,应急车辆,赶时间（通勤或赶飞机）,50米,25km/h
9139,晴天,夜晚,湿滑,孕妇,四处张望,走向人行道,卡车,紧急（去医院）,10米,25km/h
9158,晴天,夜晚,湿滑,孕妇,四处张望,走向人行道,卡车,赶时间（通勤或赶飞机）,50米,25km/h
9168,晴天,夜晚,湿滑,孕妇,四处张望,走向人行道,普通汽车,无特别需求,100米,50km/h
9190,晴天,夜晚,湿滑,孕妇,四处张望,不走向人行道,应急车辆,紧急（去医院）,10米,50km/h
9203,晴天,夜晚,湿滑,孕妇,四处张望,不走向人行道,普通汽车,赶时间（通勤或赶飞机）,50米,50km/h
9210,晴天,夜晚,湿滑,孕妇,四处张望,不走向人行道,应急车辆,赶时间（通勤或赶飞机）,100米,50km/h
9211,晴天,夜晚,湿滑,孕妇,四处张望,不走向人行道,卡车,赶时间（通勤或赶飞机）,10米,25km/h
9215,晴天,夜晚,湿滑,孕妇,四处张望,不走向人行道,卡车,赶时间（通勤或赶飞机）,50米,50km/h
9241,晴天,夜晚,湿滑,大学生,看手机,停留,应急车辆,紧急（去医院）,10米,25km/h
9243,晴天,夜晚,湿滑,大学生,看手机,停留,应急车辆,紧急（去医院）,100米,25km/h
9255,晴天,夜晚,湿滑,大学生,看手机,停留,普通汽车,赶时间（通勤或赶飞机）,100米,25km/h
9271,晴天,夜晚,湿滑,大学生,看手机,停留,普通汽车,无特别需求,10米,25km/h
9277,晴天,夜晚,湿滑,大学生,看手机,停留,应急车辆,无特别需求,10米,25km/h
9287,晴天,夜晚,湿滑,大学生,看手机,停留,卡车,无特别需求,50米,50km/h
9296,晴天,夜晚,湿滑,大学生,看手机,走向人行道,应急车辆,紧急（去医院）,50米,25km/h
9300,晴天,夜晚,湿滑,大学生,看手机,走向人行道,应急车辆,紧急（去医院）,100米,50km/h
9316,晴天,夜晚,湿滑,大学生,看手机,走向人行道,应急车辆,赶时间（通勤或赶飞机）,10米,50km/h
9326,晴天,夜晚,湿滑,大学生,看手机,走向人行道,普通汽车,无特别需求,50米,25km/h
9327,晴天,夜晚,湿滑,大学生,看手机,走向人行道,普通汽车,无特别需求,100米,25km/h
9329,晴天,夜晚,湿滑,大学生,看手机,走向人行道,普通汽车,无特别需求,50米,50km/h
9339,晴天,夜晚,湿滑,大学生,看手机,走向人行道,卡车,无特别需求,100米,25km/h
9368,晴天,夜晚,湿滑,大学生,看手机,不走向人行道,应急车辆,赶时间（通勤或赶飞机）,50米,25km/h
9383,晴天,夜晚,湿滑,大学生,看手机,不走向人行道,普通汽车,无特别需求,50米,50km/h
9387,晴天,夜晚,湿滑,大学生,看手机,不走向人行道,应急车辆,无特别需求,100米,25km/h
9393,晴天,夜晚,湿滑,大学生,看手机,不走向人行道,卡车,无特别需求,100米,25km/h
9410,晴天,夜晚,湿滑,大学生,与人交谈,停留,卡车,紧急（去医院）,50米,25km/h
9412,晴天,夜晚,湿滑,大学生,与人交谈,停留,卡车,紧急（去医院）,10米,50km/h
9438,晴天,夜晚,湿滑,大学生,与人交谈,停留,普通汽车,无特别需求,100米,50km/h
9442,晴天,夜晚,湿滑,大学生,与人交谈,停留,应急车辆,无特别需求,10米,50km/h
9443,晴天,夜晚,湿滑,大学生,与人交谈,停留,应急车辆,无特别需求,50米,50km/h
9458,晴天,夜晚,湿滑,大学生,与人交谈,走向人行道,应急车辆,紧急（去医院）,50米,25km/h
9464,晴天,夜晚,湿滑,大学生,与人交谈,走向人行道,卡车,紧急（去医院）,50米,25km/h
9469,晴天,夜晚,湿滑,大学生,与人交谈,走向人行道,普通汽车,赶时间（通勤或赶飞机）,10米,25km/h
9474,晴天,夜晚,湿滑,大学生,与人交谈,走向人行道,普通汽车,赶时间（通勤或赶飞机）,100米,50km/h
9483,晴天,夜晚,湿滑,大学生,与人交谈,走向人行道,卡车,赶时间（通勤或赶飞机）,100米,25km/h
9516,晴天,夜晚,湿滑,大学生,与人交谈,不走向人行道,应急车辆,紧急（去医院）,100米,50km/h
9548,晴天,夜晚,湿滑,大学生,与人交谈,不走向人行道,应急车辆,无特别需求,50米,25km/h
9618,晴天,夜晚,湿滑,大学生,四处张望,走向人行道,普通汽车,紧急（去医院）,100米,50km/h
9619,晴天,夜晚,湿滑,大学生,四处张望,走向人行道,应急车辆,紧急（去医院）,10米,25km/h
9623,晴天,夜晚,湿滑,大学生,四处张望,走向人行道,应急车辆,紧急（去医院）,50米,50km/h
9640,晴天,夜晚,湿滑,大学生,四处张望,走向人行道,应急车辆,赶时间（通勤或赶飞机）,10米,50km/h
9646,晴天,夜晚,湿滑,大学生,四处张望,走向人行道,卡车,赶时间（通勤或赶飞机）,10米,50km/h
9653,晴天,夜晚,湿滑,大学生,四处张望,走向人行道,普通汽车,无特别需求,50米,50km/h
9660,晴天,夜晚,湿滑,大学生,四处张望,走向人行道,应急车辆,无特别需求,100米,50km/h
9682,晴天,夜晚,湿滑,大学生,四处张望,不走向人行道,卡车,紧急（去医院）,10米,50km/h
9694,晴天,夜晚,湿滑,大学生,四处张望,不走向人行道,应急车辆,赶时间（通勤或赶飞机）,10米,50km/h
9699,晴天,夜晚,湿滑,大学生,四处张望,不走向人行道,卡车,赶时间（通勤或赶飞机）,100米,25km/h
9705,晴天,夜晚,湿滑,大学生,四处张望,不走向人行道,普通汽车,无特别需求,100米,25km/h
9718,晴天,夜晚,湿滑,大学生,四处张望,不走向人行道,卡车,无特别需求,10米,50km/h
9721,雨天,白天,干燥,儿童,看手机,停留,普通汽车,紧急（去医院）,10米,25km/h
9724,雨天,白天,干燥,儿童,看手机,停留,普通汽车,紧急（去医院）,10米,50km/h
9726,雨天,白天,干燥,儿童,看手机,停留,普通汽车,紧急（去医院）,100米,50km/h
9768,雨天,白天,干燥,儿童,看手机,停留,应急车辆,无特别需求,100米,50km/h
9777,雨天,白天,干燥,儿童,看手机,走向人行道,普通汽车,紧急（去医院）,100米,25km/h
9779,雨天,白天,干燥,儿童,看手机,走向人行道,普通汽车,紧急（去医院）,50米,50km/h
9782,雨天,白天,干燥,儿童,看手机,走向人行道,应急车辆,紧急（去医院）,50米,25km/h
9787,雨天,白天,干燥,儿童,看手机,走向人行道,卡车,紧急（去医院）,10米,25km/h
9801,雨天,白天,干燥,儿童,看手机,走向人行道,应急车辆,赶时间（通勤或赶飞机）,100米,25km/h
9810,雨天,白天,干燥,儿童,看手机,走向人行道,卡车,赶时间（通勤或赶飞机）,100米,50km/h
9815,雨天,白天,干燥,儿童,看手机,走向人行道,普通汽车,无特别需求,50米,50km/h
9828,雨天,白天,干燥,儿童,看手机,走向人行道,卡车,无特别需求,100米,50km/h
9855,雨天,白天,干燥,儿童,看手机,不走向人行道,应急车辆,赶时间（通勤或赶飞机）,100米,25km/h
9864,雨天,白天,干燥,儿童,看手机,不走向人行道,卡车,赶时间（通勤或赶飞机）,100米,50km/h
9870,雨天,白天,干燥,儿童,看手机,不走向人行道,普通汽车,无特别需求,100米,50km/h
9884,雨天,白天,干燥,儿童,与人交谈,停留,普通汽车,紧急（去医院）,50米,25km/h
9890,雨天,白天,干燥,儿童,与人交谈,停留,应急车辆,紧急（去医院）,50米,25km/h
9903,雨天,白天,干燥,儿童,与人交谈,停留,普通汽车,赶时间（通勤或赶飞机）,100米,25km/h
9911,雨天,白天,干燥,儿童,与人交谈,停留,应急车辆,赶时间（通勤或赶飞机）,50米,50km/h
9923,雨天,白天,干燥,儿童,与人交谈,停留,普通汽车,无特别需求,50米,50km/h
9934,雨天,白天,干燥,儿童,与人交谈,停留,卡车,无特别需求,10米,50km/h
9939,雨天,白天,干燥,儿童,与人交谈,走向人行道,普通汽车,紧急（去医院）,100米,25km/h
9956,雨天,白天,干燥,儿童,与人交谈,走向人行道,普通汽车,赶时间（通勤或赶飞机）,50米,25km/h
9959,雨天,白天,干燥,儿童,与人交谈,走向人行道,普通汽车,赶时间（通勤或赶飞机）,50米,50km/h
9961,雨天,白天,干燥,儿童,与人交谈,走向人行道,应急车辆,赶时间（通勤或赶飞机）,10米,25km/h
9971,雨天,白天,干燥,儿童,与人交谈,走向人行道,卡车,赶时间（通勤或赶飞机）,50米,50km/h
9977,雨天,白天,干燥,儿童,与人交谈,走向人行道,普通汽车,无特别需求,50米,50km/h
9979,雨天,白天,干燥,儿童,与人交谈,走向人行道,应急车辆,无特别需求,10米,25km/h
10011,雨天,白天,干燥,儿童,与人交谈,不走向人行道,普通汽车,赶时间（通勤或赶飞机）,100米,25km/h
10012,雨天,白天,干燥,儿童,与人交谈,不走向人行道,普通汽车,赶时间（通勤或赶飞机）,10米,50km/h
10022,雨天,白天,干燥,儿童,与人交谈,不走向人行道,卡车,赶时间（通勤或赶飞机）,50米,25km/h
10045,雨天,白天,干燥,儿童,四处张望,停留,普通汽车,紧急（去医院）,10米,25km/h
10057,雨天,白天,干燥,儿童,四处张望,停留,卡车,紧急（去医院）,10米,25km/h
10073,雨天,白天,干燥,儿童,四处张望,停留,应急车辆,赶时间（通勤或赶飞机）,50米,50km/h
10102,雨天,白天,干燥,儿童,四处张望,走向人行道,普通汽车,紧急（去医院）,10米,50km/h
10116,雨天,白天,干燥,儿童,四处张望,走向人行道,卡车,紧急（去医院）,100米,50km/h
10156,雨天,白天,干燥,儿童,四处张望,不走向人行道,普通汽车,紧急（去医院）,10米,50km/h
10157,雨天,白天,干燥,儿童,四处张望,不走向人行道,普通汽车,紧急（去医院）,50米,50km/h
10158,雨天,白天,干燥,儿童,四处张望,不走向人行道,普通汽车,紧急（去医院）,100米,50km/h
10164,雨天,白天,干燥,儿童,四处张望,不走向人行道,应急车辆,紧急（去医院）,100米,50km/h
10171,雨天,白天,干燥,儿童,四处张望,不走向人行道,普通汽车,赶时间（通勤或赶飞机）,10米,25km/h
10205,雨天,白天,干燥,儿童,四处张望,不走向人行道,卡车,无特别需求,50米,50km/h
10209,雨天,白天,干燥,老人,看手机,停留,普通汽车,紧急（去医院）,100米,25km/h
10229,雨天,白天,干燥,老人,看手机,停留,普通汽车,赶时间（通勤或赶飞机）,50米,50km/h
10255,雨天,白天,干燥,老人,看手机,停留,卡车,无特别需求,10米,25km/h
10262,雨天,白天,干燥,老人,看手机,走向人行道,普通汽车,紧急（去医院）,50米,25km/h
10263,雨天,白天,干燥,老人,看手机,走向人行道,普通汽车,紧急（去医院）,100米,25km/h
10265,雨天,白天,干燥,老人,看手机,走向人行道,普通汽车,紧急（去医院）,50米,50km/h
10283,雨天,白天,干燥,老人,看手机,走向人行道,普通汽车,赶时间（通勤或赶飞机）,50米,50km/h
10324,雨天,白天,干燥,老人,看手机,不走向人行道,应急车辆,紧急（去医院）,10米,50km/h
10326,雨天,白天,干燥,老人,看手机,不走向人行道,应急车辆,紧急（去医院）,100米,50km/h
10347,雨天,白天,干燥,老人,看手机,不走向人行道,卡车,赶时间（通勤或赶飞机）,100米,25km/h
10371,雨天,白天,干燥,老人,与人交谈,停留,普通汽车,紧急（去医院）,100米,25km/h
10407,雨天,白天,干燥,老人,与人交谈,停留,普通汽车,无特别需求,100米,25km/h
10417,雨天,白天,干燥,老人,与人交谈,停留,卡车,无特别需求,10米,25km/h
10423,雨天,白天,干燥,老人,与人交谈,走向人行道,普通汽车,紧急（去医院）,10米,25km/h
10441,雨天,白天,干燥,老人,与人交谈,走向人行道,普通汽车,赶时间（通勤或赶飞机）,10米,25km/h
10447,雨天,白天,干燥,老人,与人交谈,走向人行道,应急车辆,赶时间（通勤或赶飞机）,10米,25km/h
10456,雨天,白天,干燥,老人,与人交谈,走向人行道,卡车,赶时间（通勤或赶飞机）,10米,50km/h
10462,雨天,白天,干燥,老人,与人交谈,走向人行道,普通汽车,无特别需求,10米,50km/h
10485,雨天,白天,干燥,老人,与人交谈,不走向人行道,应急车辆,紧急（去医院）,100米,25km/h
10526,雨天,白天,干燥,老人,与人交谈,不走向人行道,卡车,无特别需求,50米,25km/h
10528,雨天,白天,干燥,老人,与人交谈,不走向人行道,卡车,无特别需求,10米,50km/h
10541,雨天,白天,干燥,老人,四处张望,停留,应急车辆,紧急（去医院）,50米,50km/h
10560,雨天,白天,干燥,老人,四处张望,停留,应急车辆,赶时间（通勤或赶飞机）,100米,50km/h
10570,雨天,白天,干燥,老人,四处张望,停留,普通汽车,无特别需求,10米,50km/h
10595,雨天,白天,干燥,老人,四处张望,走向人行道,应急车辆,紧急（去医院）,50米,50km/h
10605,雨天,白天,干燥,老人,四处张望,走向人行道,普通汽车,赶时间（通勤或赶飞机）,100米,25km/h
10614,雨天,白天,干燥,老人,四处张望,走向人行道,应急车辆,赶时间（通勤或赶飞机）,100米,50km/h
10622,雨天,白天,干燥,老人,四处张望,走向人行道,普通汽车,无特别需求,50米,25km/h
10649,雨天,白天,干燥,老人,四处张望,不走向人行道,应急车辆,紧急（去医院）,50米,50km/h
10679,雨天,白天,干燥,老人,四处张望,不走向人行道,普通汽车,无特别需求,50米,50km/h
10684,雨天,白天,干燥,老人,四处张望,不走向人行道,应急车辆,无特别需求,10米,50km/h
10685,雨天,白天,干燥,老人,四处张望,不走向人行道,应急车辆,无特别需求,50米,50km/h
10690,雨天,白天,干燥,老人,四处张望,不走向人行道,卡车,无特别需求,10米,50km/h
10712,雨天,白天,干燥,警察,看手机,停留,普通汽车,赶时间（通勤或赶飞机）,50米,25km/h
10713,雨天,白天,干燥,警察,看手机,停留,普通汽车,赶时间（通勤或赶飞机）,100米,25km/h
10719,雨天,白天,干燥,警察,看手机,停留,应急车辆,赶时间（通勤或赶飞机）,100米,25km/h
10731,雨天,白天,干燥,警察,看手机,停留,普通汽车,无特别需求,100米,25km/h
10743,雨天,白天,干燥,警察,看手机,停留,卡车,无特别需求,100米,25km/h
10766,雨天,白天,干燥,警察,看手机,走向人行道,普通汽车,赶时间（通勤或赶飞机）,50米,25km/h
10770,雨天,白天,干燥,警察,看手机,走向人行道,普通汽车,赶时间（通勤或赶飞机）,100米,50km/h
10787,雨天,白天,干燥,警察,看手机,走向人行道,普通汽车,无特别需求,50米,50km/h
10791,雨天,白天,干燥,警察,看手机,走向人行道,应急车辆,无特别需求,100米,25km/h
10796,雨天,白天,干燥,警察,看手机,走向人行道,卡车,无特别需求,50米,25km/h
10808,雨天,白天,干燥,警察,看手机,不走向人行道,应急车辆,紧急（去医院）,50米,25km/h
10837,雨天,白天,干燥,警察,看手机,不走向人行道,普通汽车,无特别需求,10米,25km/h
10846,雨天,白天,干燥,警察,看手机,不走向人行道,应急车辆,无特别需求,10米,50km/h
10869,雨天,白天,干燥,警察,与人交谈,停留,卡车,紧急（去医院）,100米,25km/h
10874,雨天,白天,干燥,警察,与人交谈,停留,普通汽车,赶时间（通勤或赶飞机）,50米,25km/h
10882,雨天,白天,干燥,警察,与人交谈,停留,应急车辆,赶时间（通勤或赶飞机）,10米,50km/h
10888,雨天,白天,干燥,警察,与人交谈,停留,卡车,赶时间（通勤或赶飞机）,10米,50km/h
10889,雨天,白天,干燥,警察,与人交谈,停留,卡车,赶时间（通勤或赶飞机）,50米,50km/h
10891,雨天,白天,干燥,警察,与人交谈,停留,普通汽车,无特别需求,10米,25km/h
10896,雨天,白天,干燥,警察,与人交谈,停留,普通汽车,无特别需求,100米,50km/h
10903,雨天,白天,干燥,警察,与人交谈,停留,卡车,无特别需求,10米,25km/h
10907,雨天,白天,干燥,警察,与人交谈,停留,卡车,无特别需求,50米,50km/h
10927,雨天,白天,干燥,警察,与人交谈,走向人行道,普通汽车,赶时间（通勤或赶飞机）,10米,25km/h
10958,雨天,白天,干燥,警察,与人交谈,走向人行道,卡车,无特别需求,50米,25km/h
10975,雨天,白天,干燥,警察,与人交谈,不走向人行道,卡车,紧急（去医院）,10米,25km/h
10978,雨天,白天,干燥,警察,与人交谈,不走向人行道,卡车,紧急（去医院）,10米,50km/h
10979,雨天,白天,干燥,警察,与人交谈,不走向人行道,卡车,紧急（去医院）,50米,50km/h
11011,雨天,白天,干燥,警察,与人交谈,不走向人行道,卡车,无特别需求,10米,25km/h
11013,雨天,白天,干燥,警察,与人交谈,不走向人行道,卡车,无特别需求,100米,25km/h
11019,雨天,白天,干燥,警察,四处张望,停留,普通汽车,紧急（去医院）,100米,25km/h
11048,雨天,白天,干燥,警察,四处张望,停留,卡车,赶时间（通勤或赶飞机）,50米,25km/h
11063,雨天,白天,干燥,警察,四处张望,停留,应急车辆,无特别需求,50米,50km/h
11093,雨天,白天,干燥,警察,四处张望,走向人行道,普通汽车,赶时间（通勤或赶飞机）,50米,50km/h
11119,雨天,白天,干燥,警察,四处张望,走向人行道,卡车,无特别需求,10米,25km/h
11132,雨天,白天,干燥,警察,四处张望,不走向人行道,应急车辆,紧急（去医院）,50米,25km/h
11148,雨天,白天,干燥,警察,四处张望,不走向人行道,普通汽车,赶时间（通勤或赶飞机）,100米,50km/h
11166,雨天,白天,干燥,警察,四处张望,不走向人行道,普通汽车,无特别需求,100米,50km/h
11171,雨天,白天,干燥,警察,四处张望,不走向人行道,应急车辆,无特别需求,50米,50km/h
11188,雨天,白天,干燥,孕妇,看手机,停留,应急车辆,紧急（去医院）,10米,50km/h
11192,雨天,白天,干燥,孕妇,看手机,停留,卡车,紧急（去医院）,50米,25km/h
11193,雨天,白天,干燥,孕妇,看手机,停留,卡车,紧急（去医院）,100米,25km/h
11263,雨天,白天,干燥,孕妇,看手机,走向人行道,卡车,赶时间（通勤或赶飞机）,10米,25km/h
11287,雨天,白天,干燥,孕妇,看手机,不走向人行道,普通汽车,紧急（去医院）,10米,25km/h
11298,雨天,白天,干燥,孕妇,看手机,不走向人行道,应急车辆,紧急（去医院）,100米,50km/h
11322,雨天,白天,干燥,孕妇,看手机,不走向人行道,卡车,赶时间（通勤或赶飞机）,100米,50km/h
11341,雨天,白天,干燥,孕妇,与人交谈,停留,普通汽车,紧急（去医院）,10米,25km/h
11342,雨天,白天,干燥,孕妇,与人交谈,停留,普通汽车,紧急（去医院）,50米,25km/h
11343,雨天,白天,干燥,孕妇,与人交谈,停留,普通汽车,紧急（去医院）,100米,25km/h
11352,雨天,白天,干燥,孕妇,与人交谈,停留,应急车辆,紧急（去医院）,100米,50km/h
11355,雨天,白天,干燥,孕妇,与人交谈,停留,卡车,紧急（去医院）,100米,25km/h
11360,雨天,白天,干燥,孕妇,与人交谈,停留,普通汽车,赶时间（通勤或赶飞机）,50米,25km/h
11370,雨天,白天,干燥,孕妇,与人交谈,停留,应急车辆,赶时间（通勤或赶飞机）,100米,50km/h
11371,雨天,白天,干燥,孕妇,与人交谈,停留,卡车,赶时间（通勤或赶飞机）,10米,25km/h
11377,雨天,白天,干燥,孕妇,与人交谈,停留,普通汽车,无特别需求,10米,25km/h
11402,雨天,白天,干燥,孕妇,与人交谈,走向人行道,应急车辆,紧急（去医院）,50米,25km/h
11403,雨天,白天,干燥,孕妇,与人交谈,走向人行道,应急车辆,紧急（去医院）,100米,25km/h
11417,雨天,白天,干燥,孕妇,与人交谈,走向人行道,普通汽车,赶时间（通勤或赶飞机）,50米,50km/h
11427,雨天,白天,干燥,孕妇,与人交谈,走向人行道,卡车,赶时间（通勤或赶飞机）,100米,25km/h
11430,雨天,白天,干燥,孕妇,与人交谈,走向人行道,卡车,赶时间（通勤或赶飞机）,100米,50km/h
11431,雨天,白天,干燥,孕妇,与人交谈,走向人行道,普通汽车,无特别需求,10米,25km/h
11434,雨天,白天,干燥,孕妇,与人交谈,走向人行道,普通汽车,无特别需求,10米,50km/h
11452,雨天,白天,干燥,孕妇,与人交谈,不走向人行道,普通汽车,紧急（去医院）,10米,50km/h
11490,雨天,白天,干燥,孕妇,与人交谈,不走向人行道,普通汽车,无特别需求,100米,50km/h
11492,雨天,白天,干燥,孕妇,与人交谈,不走向人行道,应急车辆,无特别需求,50米,25km/h
11525,雨天,白天,干燥,孕妇,四处张望,停留,普通汽车,赶时间（通勤或赶飞机）,50米,50km/h
11546,雨天,白天,干燥,孕妇,四处张望,停留,应急车辆,无特别需求,50米,25km/h
11552,雨天,白天,干燥,孕妇,四处张望,停留,卡车,无特别需求,50米,25km/h
11572,雨天,白天,干燥,孕妇,四处张望,走向人行道,卡车,紧急（去医院）,10米,50km/h
11580,雨天,白天,干燥,孕妇,四处张望,走向人行道,普通汽车,赶时间（通勤或赶飞机）,100米,50km/h
11593,雨天,白天,干燥,孕妇,四处张望,走向人行道,普通汽车,无特别需求,10米,25km/h
11604,雨天,白天,干燥,孕妇,四处张望,走向人行道,应急车辆,无特别需求,100米,50km/h
11609,雨天,白天,干燥,孕妇,四处张望,走向人行道,卡车,无特别需求,50米,50km/h
11616,雨天,白天,干燥,孕妇,四处张望,不走向人行道,普通汽车,紧急（去医院）,100米,50km/h
11617,雨天,白天,干燥,孕妇,四处张望,不走向人行道,应急车辆,紧急（去医院）,10米,25km/h
11637,雨天,白天,干燥,孕妇,四处张望,不走向人行道,应急车辆,赶时间（通勤或赶飞机）,100米,25km/h
11645,雨天,白天,干燥,孕妇,四处张望,不走向人行道,卡车,赶时间（通勤或赶飞机）,50米,50km/h
11652,雨天,白天,干燥,孕妇,四处张望,不走向人行道,普通汽车,无特别需求,100米,50km/h
11655,雨天,白天,干燥,孕妇,四处张望,不走向人行道,应急车辆,无特别需求,100米,25km/h
11661,雨天,白天,干燥,孕妇,四处张望,不走向人行道,卡车,无特别需求,100米,25km/h
11694,雨天,白天,干燥,大学生,看手机,停留,应急车辆,赶时间（通勤或赶飞机）,100米,50km/h
11699,雨天,白天,干燥,大学生,看手机,停留,卡车,赶时间（通勤或赶飞机）,50米,50km/h
11700,雨天,白天,干燥,大学生,看手机,停留,卡车,赶时间（通勤或赶飞机）,100米,50km/h
11718,雨天,白天,干燥,大学生,看手机,停留,卡车,无特别需求,100米,50km/h
11722,雨天,白天,干燥,大学生,看手机,走向人行道,普通汽车,紧急（去医院）,10米,50km/h
11726,雨天,白天,干燥,大学生,看手机,走向人行道,应急车辆,紧急（去医院）,50米,25km/h
11735,雨天,白天,干燥,大学生,看手机,走向人行道,卡车,紧急（去医院）,50米,50km/h
11747,雨天,白天,干燥,大学生,看手机,走向人行道,应急车辆,赶时间（通勤或赶飞机）,50米,50km/h
11757,雨天,白天,干燥,大学生,看手机,走向人行道,普通汽车,无特别需求,100米,25km/h
11763,雨天,白天,干燥,大学生,看手机,走向人行道,应急车辆,无特别需求,100米,25km/h
11785,雨天,白天,干燥,大学生,看手机,不走向人行道,卡车,紧急（去医院）,10米,25km/h
11793,雨天,白天,干燥,大学生,看手机,不走向人行道,普通汽车,赶时间（通勤或赶飞机）,100米,25km/h
11799,雨天,白天,干燥,大学生,看手机,不走向人行道,应急车辆,赶时间（通勤或赶飞机）,100米,25km/h
11812,雨天,白天,干燥,大学生,看手机,不走向人行道,普通汽车,无特别需求,10米,50km/h
11828,雨天,白天,干燥,大学生,与人交谈,停留,普通汽车,紧急（去医院）,50米,25km/h
11845,雨天,白天,干燥,大学生,与人交谈,停留,普通汽车,赶时间（通勤或赶飞机）,10米,25km/h
11854,雨天,白天,干燥,大学生,与人交谈,停留,应急车辆,赶时间（通勤或赶飞机）,10米,50km/h
11867,雨天,白天,干燥,大学生,与人交谈,停留,普通汽车,无特别需求,50米,50km/h
11880,雨天,白天,干燥,大学生,与人交谈,停留,卡车,无特别需求,100米,50km/h
11884,雨天,白天,干燥,大学生,与人交谈,走向人行道,普通汽车,紧急（去医院）,10米,50km/h
11899,雨天,白天,干燥,大学生,与人交谈,走向人行道,普通汽车,赶时间（通勤或赶飞机）,10米,25km/h
11907,雨天,白天,干燥,大学生,与人交谈,走向人行道,应急车辆,赶时间（通勤或赶飞机）,100米,25km/h
11932,雨天,白天,干燥,大学生,与人交谈,走向人行道,卡车,无特别需求,10米,50km/h
11938,雨天,白天,干燥,大学生,与人交谈,不走向人行道,普通汽车,紧急（去医院）,10米,50km/h
11948,雨天,白天,干燥,大学生,与人交谈,不走向人行道,卡车,紧急（去医院）,50米,25km/h
11953,雨天,白天,干燥,大学生,与人交谈,不走向人行道,普通汽车,赶时间（通勤或赶飞机）,10米,25km/h
11998,雨天,白天,干燥,大学生,四处张望,停留,应急车辆,紧急（去医院）,10米,50km/h
12033,雨天,白天,干燥,大学生,四处张望,停留,应急车辆,无特别需求,100米,25km/h
12053,雨天,白天,干燥,大学生,四处张望,走向人行道,应急车辆,紧急（去医院）,50米,50km/h
12078,雨天,白天,干燥,大学生,四处张望,走向人行道,卡车,赶时间（通勤或赶飞机）,100米,50km/h
12114,雨天,白天,干燥,大学生,四处张望,不走向人行道,卡车,紧急（去医院）,100米,50km/h
12117,雨天,白天,干燥,大学生,四处张望,不走向人行道,普通汽车,赶时间（通勤或赶飞机）,100米,25km/h
12120,雨天,白天,干燥,大学生,四处张望,不走向人行道,普通汽车,赶时间（通勤或赶飞机）,100米,50km/h
12137,雨天,白天,干燥,大学生,四处张望,不走向人行道,普通汽车,无特别需求,50米,50km/h
12152,雨天,白天,湿滑,儿童,看手机,停留,普通汽车,紧急（去医院）,50米,25km/h
12165,雨天,白天,湿滑,儿童,看手机,停留,卡车,紧急（去医院）,100米,25km/h
12166,雨天,白天,湿滑,儿童,看手机,停留,卡车,紧急（去医院）,10米,50km/h
12197,雨天,白天,湿滑,儿童,看手机,停留,应急车辆,无特别需求,50米,50km/h
12244,雨天,白天,湿滑,儿童,看手机,走向人行道,普通汽车,无特别需求,10米,50km/h
12292,雨天,白天,湿滑,儿童,看手机,不走向人行道,卡车,赶时间（通勤或赶飞机）,10米,50km/h
12327,雨天,白天,湿滑,儿童,与人交谈,停留,卡车,紧急（去医院）,100米,25km/h
12348,雨天,白天,湿滑,儿童,与人交谈,停留,卡车,赶时间（通勤或赶飞机）,100米,50km/h
12355,雨天,白天,湿滑,儿童,与人交谈,停留,应急车辆,无特别需求,10米,25km/h
12386,雨天,白天,湿滑,儿童,与人交谈,走向人行道,普通汽车,赶时间（通勤或赶飞机）,50米,25km/h
12391,雨天,白天,湿滑,儿童,与人交谈,走向人行道,应急车辆,赶时间（通勤或赶飞机）,10米,25km/h
12399,雨天,白天,湿滑,儿童,与人交谈,走向人行道,卡车,赶时间（通勤或赶飞机）,100米,25km/h
12442,雨天,白天,湿滑,儿童,与人交谈,不走向人行道,普通汽车,赶时间（通勤或赶飞机）,10米,50km/h
12444,雨天,白天,湿滑,儿童,与人交谈,不走向人行道,普通汽车,赶时间（通勤或赶飞机）,100米,50km/h
12461,雨天,白天,湿滑,儿童,与人交谈,不走向人行道,普通汽车,无特别需求,50米,50km/h
12478,雨天,白天,湿滑,儿童,四处张望,停留,普通汽车,紧急（去医院）,10米,50km/h
12488,雨天,白天,湿滑,儿童,四处张望,停留,卡车,紧急（去医院）,50米,25km/h
12494,雨天,白天,湿滑,儿童,四处张望,停留,普通汽车,赶时间（通勤或赶飞机）,50米,25km/h
12510,雨天,白天,湿滑,儿童,四处张望,停留,卡车,赶时间（通勤或赶飞机）,100米,50km/h
12511,雨天,白天,湿滑,儿童,四处张望,停留,普通汽车,无特别需求,10米,25km/h
12521,雨天,白天,湿滑,儿童,四处张望,停留,应急车辆,无特别需求,50米,50km/h
12523,雨天,白天,湿滑,儿童,四处张望,停留,卡车,无特别需求,10米,25km/h
12529,雨天,白天,湿滑,儿童,四处张望,走向人行道,普通汽车,紧急（去医院）,10米,25km/h
12532,雨天,白天,湿滑,儿童,四处张望,走向人行道,普通汽车,紧急（去医院）,10米,50km/h
12550,雨天,白天,湿滑,儿童,四处张望,走向人行道,普通汽车,赶时间（通勤或赶飞机）,10米,50km/h
12598,雨天,白天,湿滑,儿童,四处张望,不走向人行道,卡车,紧急（去医院）,10米,50km/h
12613,雨天,白天,湿滑,儿童,四处张望,不走向人行道,卡车,赶时间（通勤或赶飞机）,10米,25km/h
12619,雨天,白天,湿滑,儿童,四处张望,不走向人行道,普通汽车,无特别需求,10米,25km/h
12628,雨天,白天,湿滑,儿童,四处张望,不走向人行道,应急车辆,无特别需求,10米,50km/h
12656,雨天,白天,湿滑,老人,看手机,停留,普通汽车,赶时间（通勤或赶飞机）,50米,25km/h
12668,雨天,白天,湿滑,老人,看手机,停留,卡车,赶时间（通勤或赶飞机）,50米,25km/h
12673,雨天,白天,湿滑,老人,看手机,停留,普通汽车,无特别需求,10米,25km/h
12676,雨天,白天,湿滑,老人,看手机,停留,普通汽车,无特别需求,10米,50km/h
12695,雨天,白天,湿滑,老人,看手机,走向人行道,普通汽车,紧急（去医院）,50米,50km/h
12732,雨天,白天,湿滑,老人,看手机,走向人行道,普通汽车,无特别需求,100米,50km/h
12753,雨天,白天,湿滑,老人,看手机,不走向人行道,应急车辆,紧急（去医院）,100米,25km/h
12757,雨天,白天,湿滑,老人,看手机,不走向人行道,卡车,紧急（去医院）,10米,25km/h
12782,雨天,白天,湿滑,老人,看手机,不走向人行道,普通汽车,无特别需求,50米,25km/h
12784,雨天,白天,湿滑,老人,看手机,不走向人行道,普通汽车,无特别需求,10米,50km/h
12794,雨天,白天,湿滑,老人,看手机,不走向人行道,卡车,无特别需求,50米,25km/h
12812,雨天,白天,湿滑,老人,与人交谈,停留,卡车,紧急（去医院）,50米,25km/h
12823,雨天,白天,湿滑,老人,与人交谈,停留,应急车辆,赶时间（通勤或赶飞机）,10米,25km/h
12830,雨天,白天,湿滑,老人,与人交谈,停留,卡车,赶时间（通勤或赶飞机）,50米,25km/h
12839,雨天,白天,湿滑,老人,与人交谈,停留,普通汽车,无特别需求,50米,50km/h
12842,雨天,白天,湿滑,老人,与人交谈,停留,应急车辆,无特别需求,50米,25km/h
12898,雨天,白天,湿滑,老人,与人交谈,走向人行道,应急车辆,无特别需求,10米,50km/h
12899,雨天,白天,湿滑,老人,与人交谈,走向人行道,应急车辆,无特别需求,50米,50km/h
12901,雨天,白天,湿滑,老人,与人交谈,走向人行道,卡车,无特别需求,10米,25km/h
12912,雨天,白天,湿滑,老人,与人交谈,不走向人行道,普通汽车,紧急（去医院）,100米,50km/h
12913,雨天,白天,湿滑,老人,与人交谈,不走向人行道,应急车辆,紧急（去医院）,10米,25km/h
12927,雨天,白天,湿滑,老人,与人交谈,不走向人行道,普通汽车,赶时间（通勤或赶飞机）,100米,25km/h
12954,雨天,白天,湿滑,老人,与人交谈,不走向人行道,应急车辆,无特别需求,100米,50km/h
12966,雨天,白天,湿滑,老人,四处张望,停留,普通汽车,紧急（去医院）,100米,50km/h
12989,雨天,白天,湿滑,老人,四处张望,停留,应急车辆,赶时间（通勤或赶飞机）,50米,50km/h
13001,雨天,白天,湿滑,老人,四处张望,停留,普通汽车,无特别需求,50米,50km/h
13012,雨天,白天,湿滑,老人,四处张望,停留,卡车,无特别需求,10米,50km/h
13036,雨天,白天,湿滑,老人,四处张望,走向人行道,普通汽车,赶时间（通勤或赶飞机）,10米,50km/h
13063,雨天,白天,湿滑,老人,四处张望,走向人行道,卡车,无特别需求,10米,25km/h
13064,雨天,白天,湿滑,老人,四处张望,走向人行道,卡车,无特别需求,50米,25km/h
13065,雨天,白天,湿滑,老人,四处张望,走向人行道,卡车,无特别需求,100米,25km/h
13067,雨天,白天,湿滑,老人,四处张望,走向人行道,卡车,无特别需求,50米,50km/h
13074,雨天,白天,湿滑,老人,四处张望,不走向人行道,普通汽车,紧急（去医院）,100米,50km/h
13095,雨天,白天,湿滑,老人,四处张望,不走向人行道,应急车辆,赶时间（通勤或赶飞机）,100米,25km/h
13104,雨天,白天,湿滑,老人,四处张望,不走向人行道,卡车,赶时间（通勤或赶飞机）,100米,50km/h
13124,雨天,白天,湿滑,警察,看手机,停留,普通汽车,紧急（去医院）,50米,25km/h
13148,雨天,白天,湿滑,警察,看手机,停留,应急车辆,赶时间（通勤或赶飞机）,50米,25km/h
13152,雨天,白天,湿滑,警察,看手机,停留,应急车辆,赶时间（通勤或赶飞机）,100米,50km/h
13155,雨天,白天,湿滑,警察,看手机,停留,卡车,赶时间（通勤或赶飞机）,100米,25km/h
13192,雨天,白天,湿滑,警察,看手机,走向人行道,卡车,紧急（去医院）,10米,50km/h
13196,雨天,白天,湿滑,警察,看手机,走向人行道,普通汽车,赶时间（通勤或赶飞机）,50米,25km/h
13198,雨天,白天,湿滑,警察,看手机,走向人行道,普通汽车,赶时间（通勤或赶飞机）,10米,50km/h
13218,雨天,白天,湿滑,警察,看手机,走向人行道,普通汽车,无特别需求,100米,50km/h
13223,雨天,白天,湿滑,警察,看手机,走向人行道,应急车辆,无特别需求,50米,50km/h
13229,雨天,白天,湿滑,警察,看手机,走向人行道,卡车,无特别需求,50米,50km/h
13230,雨天,白天,湿滑,警察,看手机,走向人行道,卡车,无特别需求,100米,50km/h
13239,雨天,白天,湿滑,警察,看手机,不走向人行道,应急车辆,紧急（去医院）,100米,25km/h
13264,雨天,白天,湿滑,警察,看手机,不走向人行道,卡车,赶时间（通勤或赶飞机）,10米,50km/h
13266,雨天,白天,湿滑,警察,看手机,不走向人行道,卡车,赶时间（通勤或赶飞机）,100米,50km/h
13278,雨天,白天,湿滑,警察,看手机,不走向人行道,应急车辆,无特别需求,100米,50km/h
13307,雨天,白天,湿滑,警察,与人交谈,停留,普通汽车,赶时间（通勤或赶飞机）,50米,50km/h
13310,雨天,白天,湿滑,警察,与人交谈,停留,应急车辆,赶时间（通勤或赶飞机）,50米,25km/h
13323,雨天,白天,湿滑,警察,与人交谈,停留,普通汽车,无特别需求,100米,25km/h
13329,雨天,白天,湿滑,警察,与人交谈,停留,应急车辆,无特别需求,100米,25km/h
13336,雨天,白天,湿滑,警察,与人交谈,停留,卡车,无特别需求,10米,50km/h
13339,雨天,白天,湿滑,警察,与人交谈,走向人行道,普通汽车,紧急（去医院）,10米,25km/h
13355,雨天,白天,湿滑,警察,与人交谈,走向人行道,卡车,紧急（去医院）,50米,50km/h
13357,雨天,白天,湿滑,警察,与人交谈,走向人行道,普通汽车,赶时间（通勤或赶飞机）,10米,25km/h
13366,雨天,白天,湿滑,警察,与人交谈,走向人行道,应急车辆,赶时间（通勤或赶飞机）,10米,50km/h
13368,雨天,白天,湿滑,警察,与人交谈,走向人行道,应急车辆,赶时间（通勤或赶飞机）,100米,50km/h
13425,雨天,白天,湿滑,警察,与人交谈,不走向人行道,卡车,赶时间（通勤或赶飞机）,100米,25km/h
13428,雨天,白天,湿滑,警察,与人交谈,不走向人行道,卡车,赶时间（通勤或赶飞机）,100米,50km/h
13450,雨天,白天,湿滑,警察,四处张望,停留,普通汽车,紧急（去医院）,10米,50km/h
13495,雨天,白天,湿滑,警察,四处张望,停留,卡车,无特别需求,10米,25km/h
13496,雨天,白天,湿滑,警察,四处张望,停留,卡车,无特别需求,50米,25km/h
13498,雨天,白天,湿滑,警察,四处张望,停留,卡车,无特别需求,10米,50km/h
13500,雨天,白天,湿滑,警察,四处张望,停留,卡车,无特别需求,100米,50km/h
13526,雨天,白天,湿滑,警察,四处张望,走向人行道,应急车辆,赶时间（通勤或赶飞机）,50米,25km/h
13533,雨天,白天,湿滑,警察,四处张望,走向人行道,卡车,赶时间（通勤或赶飞机）,100米,25km/h
13550,雨天,白天,湿滑,警察,四处张望,走向人行道,卡车,无特别需求,50米,25km/h
13554,雨天,白天,湿滑,警察,四处张望,走向人行道,卡车,无特别需求,100米,50km/h
13567,雨天,白天,湿滑,警察,四处张望,不走向人行道,卡车,紧急（去医院）,10米,25km/h
13583,雨天,白天,湿滑,警察,四处张望,不走向人行道,应急车辆,赶时间（通勤或赶飞机）,50米,50km/h
13590,雨天,白天,湿滑,警察,四处张望,不走向人行道,卡车,赶时间（通勤或赶飞机）,100米,50km/h
13604,雨天,白天,湿滑,警察,四处张望,不走向人行道,卡车,无特别需求,50米,25km/h
13610,雨天,白天,湿滑,孕妇,看手机,停留,普通汽车,紧急（去医院）,50米,25km/h
13698,雨天,白天,湿滑,孕妇,看手机,走向人行道,卡车,赶时间（通勤或赶飞机）,100米,50km/h
13727,雨天,白天,湿滑,孕妇,看手机,不走向人行道,应急车辆,紧急（去医院）,50米,50km/h
13746,雨天,白天,湿滑,孕妇,看手机,不走向人行道,应急车辆,赶时间（通勤或赶飞机）,100米,50km/h
13759,雨天,白天,湿滑,孕妇,看手机,不走向人行道,应急车辆,无特别需求,10米,25km/h
13777,雨天,白天,湿滑,孕妇,与人交谈,停留,应急车辆,紧急（去医院）,10米,25km/h
13796,雨天,白天,湿滑,孕妇,与人交谈,停留,应急车辆,赶时间（通勤或赶飞机）,50米,25km/h
13810,雨天,白天,湿滑,孕妇,与人交谈,停留,普通汽车,无特别需求,10米,50km/h
13818,雨天,白天,湿滑,孕妇,与人交谈,停留,应急车辆,无特别需求,100米,50km/h
13820,雨天,白天,湿滑,孕妇,与人交谈,停留,卡车,无特别需求,50米,25km/h
13821,雨天,白天,湿滑,孕妇,与人交谈,停留,卡车,无特别需求,100米,25km/h
13837,雨天,白天,湿滑,孕妇,与人交谈,走向人行道,卡车,紧急（去医院）,10米,25km/h
13838,雨天,白天,湿滑,孕妇,与人交谈,走向人行道,卡车,紧急（去医院）,50米,25km/h
13871,雨天,白天,湿滑,孕妇,与人交谈,走向人行道,应急车辆,无特别需求,50米,50km/h
13872,雨天,白天,湿滑,孕妇,与人交谈,走向人行道,应急车辆,无特别需求,100米,50km/h
13876,雨天,白天,湿滑,孕妇,与人交谈,走向人行道,卡车,无特别需求,10米,50km/h
13899,雨天,白天,湿滑,孕妇,与人交谈,不走向人行道,普通汽车,赶时间（通勤或赶飞机）,100米,25km/h
13902,雨天,白天,湿滑,孕妇,与人交谈,不走向人行道,普通汽车,赶时间（通勤或赶飞机）,100米,50km/h
13928,雨天,白天,湿滑,孕妇,与人交谈,不走向人行道,卡车,无特别需求,50米,25km/h
13936,雨天,白天,湿滑,孕妇,四处张望,停留,普通汽车,紧急（去医院）,10米,50km/h
13942,雨天,白天,湿滑,孕妇,四处张望,停留,应急车辆,紧急（去医院）,10米,50km/h
13943,雨天,白天,湿滑,孕妇,四处张望,停留,应急车辆,紧急（去医院）,50米,50km/h
13955,雨天,白天,湿滑,孕妇,四处张望,停留,普通汽车,赶时间（通勤或赶飞机）,50米,50km/h
13986,雨天,白天,湿滑,孕妇,四处张望,停留,卡车,无特别需求,100米,50km/h
14002,雨天,白天,湿滑,孕妇,四处张望,走向人行道,卡车,紧急（去医院）,10米,50km/h
14030,雨天,白天,湿滑,孕妇,四处张望,走向人行道,应急车辆,无特别需求,50米,25km/h
14041,雨天,白天,湿滑,孕妇,四处张望,不走向人行道,普通汽车,紧急（去医院）,10米,25km/h
14046,雨天,白天,湿滑,孕妇,四处张望,不走向人行道,普通汽车,紧急（去医院）,100米,50km/h
14051,雨天,白天,湿滑,孕妇,四处张望,不走向人行道,应急车辆,紧急（去医院）,50米,50km/h
14055,雨天,白天,湿滑,孕妇,四处张望,不走向人行道,卡车,紧急（去医院）,100米,25km/h
14069,雨天,白天,湿滑,孕妇,四处张望,不走向人行道,应急车辆,赶时间（通勤或赶飞机）,50米,50km/h
14074,雨天,白天,湿滑,孕妇,四处张望,不走向人行道,卡车,赶时间（通勤或赶飞机）,10米,50km/h
14085,雨天,白天,湿滑,孕妇,四处张望,不走向人行道,应急车辆,无特别需求,100米,25km/h
14096,雨天,白天,湿滑,大学生,看手机,停留,普通汽车,紧急（去医院）,50米,25km/h
14133,雨天,白天,湿滑,大学生,看手机,停留,普通汽车,无特别需求,100米,25km/h
14147,雨天,白天,湿滑,大学生,看手机,停留,卡车,无特别需求,50米,50km/h
14152,雨天,白天,湿滑,大学生,看手机,走向人行道,普通汽车,紧急（去医院）,10米,50km/h
14174,雨天,白天,湿滑,大学生,看手机,走向人行道,应急车辆,赶时间（通勤或赶飞机）,50米,25km/h
14180,雨天,白天,湿滑,大学生,看手机,走向人行道,卡车,赶时间（通勤或赶飞机）,50米,25km/h
14222,雨天,白天,湿滑,大学生,看手机,不走向人行道,普通汽车,赶时间（通勤或赶飞机）,50米,25km/h
14230,雨天,白天,湿滑,大学生,看手机,不走向人行道,应急车辆,赶时间（通勤或赶飞机）,10米,50km/h
14245,雨天,白天,湿滑,大学生,看手机,不走向人行道,应急车辆,无特别需求,10米,25km/h
14264,雨天,白天,湿滑,大学生,与人交谈,停留,应急车辆,紧急（去医院）,50米,25km/h
14294,雨天,白天,湿滑,大学生,与人交谈,停留,普通汽车,无特别需求,50米,25km/h
14318,雨天,白天,湿滑,大学生,与人交谈,走向人行道,应急车辆,紧急（去医院）,50米,25km/h
14338,雨天,白天,湿滑,大学生,与人交谈,走向人行道,应急车辆,赶时间（通勤或赶飞机）,10米,50km/h
14362,雨天,白天,湿滑,大学生,与人交谈,走向人行道,卡车,无特别需求,10米,50km/h
14372,雨天,白天,湿滑,大学生,与人交谈,不走向人行道,应急车辆,紧急（去医院）,50米,25km/h
14375,雨天,白天,湿滑,大学生,与人交谈,不走向人行道,应急车辆,紧急（去医院）,50米,50km/h
14378,雨天,白天,湿滑,大学生,与人交谈,不走向人行道,卡车,紧急（去医院）,50米,25km/h
14390,雨天,白天,湿滑,大学生,与人交谈,不走向人行道,应急车辆,赶时间（通勤或赶飞机）,50米,25km/h
14393,雨天,白天,湿滑,大学生,与人交谈,不走向人行道,应急车辆,赶时间（通勤或赶飞机）,50米,50km/h
14400,雨天,白天,湿滑,大学生,与人交谈,不走向人行道,卡车,赶时间（通勤或赶飞机）,100米,50km/h
14402,雨天,白天,湿滑,大学生,与人交谈,不走向人行道,普通汽车,无特别需求,50米,25km/h
14409,雨天,白天,湿滑,大学生,与人交谈,不走向人行道,应急车辆,无特别需求,100米,25km/h
14418,雨天,白天,湿滑,大学生,与人交谈,不走向人行道,卡车,无特别需求,100米,50km/h
14420,雨天,白天,湿滑,大学生,四处张望,停留,普通汽车,紧急（去医院）,50米,25km/h
14430,雨天,白天,湿滑,大学生,四处张望,停留,应急车辆,紧急（去医院）,100米,50km/h
14434,雨天,白天,湿滑,大学生,四处张望,停留,卡车,紧急（去医院）,10米,50km/h
14436,雨天,白天,湿滑,大学生,四处张望,停留,卡车,紧急（去医院）,100米,50km/h
14470,雨天,白天,湿滑,大学生,四处张望,停留,卡车,无特别需求,10米,50km/h
14484,雨天,白天,湿滑,大学生,四处张望,走向人行道,应急车辆,紧急（去医院）,100米,50km/h
14494,雨天,白天,湿滑,大学生,四处张望,走向人行道,普通汽车,赶时间（通勤或赶飞机）,10米,50km/h
14514,雨天,白天,湿滑,大学生,四处张望,走向人行道,普通汽车,无特别需求,100米,50km/h
14519,雨天,白天,湿滑,大学生,四处张望,走向人行道,应急车辆,无特别需求,50米,50km/h
14539,雨天,白天,湿滑,大学生,四处张望,不走向人行道,卡车,紧急（去医院）,10米,25km/h
14540,雨天,白天,湿滑,大学生,四处张望,不走向人行道,卡车,紧急（去医院）,50米,25km/h
14541,雨天,白天,湿滑,大学生,四处张望,不走向人行道,卡车,紧急（去医院）,100米,25km/h
14547,雨天,白天,湿滑,大学生,四处张望,不走向人行道,普通汽车,赶时间（通勤或赶飞机）,100米,25km/h
14551,雨天,白天,湿滑,大学生,四处张望,不走向人行道,应急车辆,赶时间（通勤或赶飞机）,10米,25km/h
14565,雨天,白天,湿滑,大学生,四处张望,不走向人行道,普通汽车,无特别需求,100米,25km/h
14582,雨天,夜晚,干燥,儿童,看手机,停留,普通汽车,紧急（去医院）,50米,25km/h
14592,雨天,夜晚,干燥,儿童,看手机,停留,应急车辆,紧急（去医院）,100米,50km/h
14593,雨天,夜晚,干燥,儿童,看手机,停留,卡车,紧急（去医院）,10米,25km/h
14601,雨天,夜晚,干燥,儿童,看手机,停留,普通汽车,赶时间（通勤或赶飞机）,100米,25km/h
14603,雨天,夜晚,干燥,儿童,看手机,停留,普通汽车,赶时间（通勤或赶飞机）,50米,50km/h
14606,雨天,夜晚,干燥,儿童,看手机,停留,应急车辆,赶时间（通勤或赶飞机）,50米,25km/h
14618,雨天,夜晚,干燥,儿童,看手机,停留,普通汽车,无特别需求,50米,25km/h
14623,雨天,夜晚,干燥,儿童,看手机,停留,应急车辆,无特别需求,10米,25km/h
14628,雨天,夜晚,干燥,儿童,看手机,停留,应急车辆,无特别需求,100米,50km/h
14635,雨天,夜晚,干燥,儿童,看手机,走向人行道,普通汽车,紧急（去医院）,10米,25km/h
14683,雨天,夜晚,干燥,儿童,看手机,走向人行道,卡车,无特别需求,10米,25km/h
14699,雨天,夜晚,干燥,儿童,看手机,不走向人行道,应急车辆,紧急（去医院）,50米,50km/h
14706,雨天,夜晚,干燥,儿童,看手机,不走向人行道,卡车,紧急（去医院）,100米,50km/h
14708,雨天,夜晚,干燥,儿童,看手机,不走向人行道,普通汽车,赶时间（通勤或赶飞机）,50米,25km/h
14712,雨天,夜晚,干燥,儿童,看手机,不走向人行道,普通汽车,赶时间（通勤或赶飞机）,100米,50km/h
14733,雨天,夜晚,干燥,儿童,看手机,不走向人行道,应急车辆,无特别需求,100米,25km/h
14745,雨天,夜晚,干燥,儿童,与人交谈,停留,普通汽车,紧急（去医院）,100米,25km/h
14764,雨天,夜晚,干燥,儿童,与人交谈,停留,普通汽车,赶时间（通勤或赶飞机）,10米,50km/h
14771,雨天,夜晚,干燥,儿童,与人交谈,停留,应急车辆,赶时间（通勤或赶飞机）,50米,50km/h
14777,雨天,夜晚,干燥,儿童,与人交谈,停留,卡车,赶时间（通勤或赶飞机）,50米,50km/h
14813,雨天,夜晚,干燥,儿童,与人交谈,走向人行道,卡车,紧急（去医院）,50米,50km/h
14826,雨天,夜晚,干燥,儿童,与人交谈,走向人行道,应急车辆,赶时间（通勤或赶飞机）,100米,50km/h
14830,雨天,夜晚,干燥,儿童,与人交谈,走向人行道,卡车,赶时间（通勤或赶飞机）,10米,50km/h
14858,雨天,夜晚,干燥,儿童,与人交谈,不走向人行道,应急车辆,紧急（去医院）,50米,25km/h
14879,雨天,夜晚,干燥,儿童,与人交谈,不走向人行道,应急车辆,赶时间（通勤或赶飞机）,50米,50km/h
14906,雨天,夜晚,干燥,儿童,四处张望,停留,普通汽车,紧急（去医院）,50米,25km/h
14926,雨天,夜晚,干燥,儿童,四处张望,停留,普通汽车,赶时间（通勤或赶飞机）,10米,50km/h
14931,雨天,夜晚,干燥,儿童,四处张望,停留,应急车辆,赶时间（通勤或赶飞机）,100米,25km/h
14939,雨天,夜晚,干燥,儿童,四处张望,停留,卡车,赶时间（通勤或赶飞机）,50米,50km/h
14945,雨天,夜晚,干燥,儿童,四处张望,停留,普通汽车,无特别需求,50米,50km/h
14955,雨天,夜晚,干燥,儿童,四处张望,停留,卡车,无特别需求,100米,25km/h
14978,雨天,夜晚,干燥,儿童,四处张望,走向人行道,普通汽车,赶时间（通勤或赶飞机）,50米,25km/h
14980,雨天,夜晚,干燥,儿童,四处张望,走向人行道,普通汽车,赶时间（通勤或赶飞机）,10米,50km/h
14998,雨天,夜晚,干燥,儿童,四处张望,走向人行道,普通汽车,无特别需求,10米,50km/h
15055,雨天,夜晚,干燥,儿童,四处张望,不走向人行道,应急车辆,无特别需求,10米,25km/h
15060,雨天,夜晚,干燥,儿童,四处张望,不走向人行道,应急车辆,无特别需求,100米,50km/h
15061,雨天,夜晚,干燥,儿童,四处张望,不走向人行道,卡车,无特别需求,10米,25km/h
15081,雨天,夜晚,干燥,老人,看手机,停留,卡车,紧急（去医院）,100米,25km/h
15108,雨天,夜晚,干燥,老人,看手机,停留,普通汽车,无特别需求,100米,50km/h
15131,雨天,夜晚,干燥,老人,看手机,走向人行道,应急车辆,紧急（去医院）,50米,50km/h
15137,雨天,夜晚,干燥,老人,看手机,走向人行道,卡车,紧急（去医院）,50米,50km/h
15162,雨天,夜晚,干燥,老人,看手机,走向人行道,普通汽车,无特别需求,100米,50km/h
15165,雨天,夜晚,干燥,老人,看手机,走向人行道,应急车辆,无特别需求,100米,25km/h
15182,雨天,夜晚,干燥,老人,看手机,不走向人行道,应急车辆,紧急（去医院）,50米,25km/h
15195,雨天,夜晚,干燥,老人,看手机,不走向人行道,普通汽车,赶时间（通勤或赶飞机）,100米,25km/h
15197,雨天,夜晚,干燥,老人,看手机,不走向人行道,普通汽车,赶时间（通勤或赶飞机）,50米,50km/h
15221,雨天,夜晚,干燥,老人,看手机,不走向人行道,应急车辆,无特别需求,50米,50km/h
15246,雨天,夜晚,干燥,老人,与人交谈,停留,卡车,紧急（去医院）,100米,50km/h
15248,雨天,夜晚,干燥,老人,与人交谈,停留,普通汽车,赶时间（通勤或赶飞机）,50米,25km/h
15269,雨天,夜晚,干燥,老人,与人交谈,停留,普通汽车,无特别需求,50米,50km/h
15290,雨天,夜晚,干燥,老人,与人交谈,走向人行道,应急车辆,紧急（去医院）,50米,25km/h
15295,雨天,夜晚,干燥,老人,与人交谈,走向人行道,卡车,紧急（去医院）,10米,25km/h
15301,雨天,夜晚,干燥,老人,与人交谈,走向人行道,普通汽车,赶时间（通勤或赶飞机）,10米,25km/h
15315,雨天,夜晚,干燥,老人,与人交谈,走向人行道,卡车,赶时间（通勤或赶飞机）,100米,25km/h
15357,雨天,夜晚,干燥,老人,与人交谈,不走向人行道,普通汽车,赶时间（通勤或赶飞机）,100米,25km/h
15368,雨天,夜晚,干燥,老人,与人交谈,不走向人行道,卡车,赶时间（通勤或赶飞机）,50米,25km/h
15407,雨天,夜晚,干燥,老人,四处张望,停留,卡车,紧急（去医院）,50米,50km/h
15425,雨天,夜晚,干燥,老人,四处张望,停留,卡车,赶时间（通勤或赶飞机）,50米,50km/h
15428,雨天,夜晚,干燥,老人,四处张望,停留,普通汽车,无特别需求,50米,25km/h
15436,雨天,夜晚,干燥,老人,四处张望,停留,应急车辆,无特别需求,10米,50km/h
15457,雨天,夜晚,干燥,老人,四处张望,走向人行道,卡车,紧急（去医院）,10米,25km/h
15481,雨天,夜晚,干燥,老人,四处张望,走向人行道,普通汽车,无特别需求,10米,25km/h
15488,雨天,夜晚,干燥,老人,四处张望,走向人行道,应急车辆,无特别需求,50米,25km/h
15501,雨天,夜晚,干燥,老人,四处张望,不走向人行道,普通汽车,紧急（去医院）,100米,25km/h
15519,雨天,夜晚,干燥,老人,四处张望,不走向人行道,普通汽车,赶时间（通勤或赶飞机）,100米,25km/h
15540,雨天,夜晚,干燥,老人,四处张望,不走向人行道,普通汽车,无特别需求,100米,50km/h
15558,雨天,夜晚,干燥,警察,看手机,停留,普通汽车,紧急（去医院）,100米,50km/h
15568,雨天,夜晚,干燥,警察,看手机,停留,卡车,紧急（去医院）,10米,50km/h
15573,雨天,夜晚,干燥,警察,看手机,停留,普通汽车,赶时间（通勤或赶飞机）,100米,25km/h
15585,雨天,夜晚,干燥,警察,看手机,停留,卡车,赶时间（通勤或赶飞机）,100米,25km/h
15604,雨天,夜晚,干燥,警察,看手机,停留,卡车,无特别需求,10米,50km/h
15610,雨天,夜晚,干燥,警察,看手机,走向人行道,普通汽车,紧急（去医院）,10米,50km/h
15641,雨天,夜晚,干燥,警察,看手机,走向人行道,卡车,赶时间（通勤或赶飞机）,50米,50km/h
15646,雨天,夜晚,干燥,警察,看手机,走向人行道,普通汽车,无特别需求,10米,50km/h
15656,雨天,夜晚,干燥,警察,看手机,走向人行道,卡车,无特别需求,50米,25km/h
15658,雨天,夜晚,干燥,警察,看手机,走向人行道,卡车,无特别需求,10米,50km/h
15673,雨天,夜晚,干燥,警察,看手机,不走向人行道,卡车,紧急（去医院）,10米,25km/h
15700,雨天,夜晚,干燥,警察,看手机,不走向人行道,普通汽车,无特别需求,10米,50km/h
15720,雨天,夜晚,干燥,警察,与人交谈,停留,普通汽车,紧急（去医院）,100米,50km/h
15724,雨天,夜晚,干燥,警察,与人交谈,停留,应急车辆,紧急（去医院）,10米,50km/h
15747,雨天,夜晚,干燥,警察,与人交谈,停留,卡车,赶时间（通勤或赶飞机）,100米,25km/h
15757,雨天,夜晚,干燥,警察,与人交谈,停留,应急车辆,无特别需求,10米,25km/h
15764,雨天,夜晚,干燥,警察,与人交谈,停留,卡车,无特别需求,50米,25km/h
15772,雨天,夜晚,干燥,警察,与人交谈,走向人行道,普通汽车,紧急（去医院）,10米,50km/h
15774,雨天,夜晚,干燥,警察,与人交谈,走向人行道,普通汽车,紧急（去医院）,100米,50km/h
15784,雨天,夜晚,干燥,警察,与人交谈,走向人行道,卡车,紧急（去医院）,10米,50km/h
15810,雨天,夜晚,干燥,警察,与人交谈,走向人行道,普通汽车,无特别需求,100米,50km/h
15811,雨天,夜晚,干燥,警察,与人交谈,走向人行道,应急车辆,无特别需求,10米,25km/h
15816,雨天,夜晚,干燥,警察,与人交谈,走向人行道,应急车辆,无特别需求,100米,50km/h
15820,雨天,夜晚,干燥,警察,与人交谈,走向人行道,卡车,无特别需求,10米,50km/h
15843,雨天,夜晚,干燥,警察,与人交谈,不走向人行道,普通汽车,赶时间（通勤或赶飞机）,100米,25km/h
15860,雨天,夜晚,干燥,警察,与人交谈,不走向人行道,普通汽车,无特别需求,50米,25km/h
15863,雨天,夜晚,干燥,警察,与人交谈,不走向人行道,普通汽车,无特别需求,50米,50km/h
15882,雨天,夜晚,干燥,警察,四处张望,停留,普通汽车,紧急（去医院）,100米,50km/h
15917,雨天,夜晚,干燥,警察,四处张望,停留,普通汽车,无特别需求,50米,50km/h
15930,雨天,夜晚,干燥,警察,四处张望,停留,卡车,无特别需求,100米,50km/h
15938,雨天,夜晚,干燥,警察,四处张望,走向人行道,应急车辆,紧急（去医院）,50米,25km/h
15941,雨天,夜晚,干燥,警察,四处张望,走向人行道,应急车辆,紧急（去医院）,50米,50km/h
15977,雨天,夜晚,干燥,警察,四处张望,走向人行道,应急车辆,无特别需求,50米,50km/h
15988,雨天,夜晚,干燥,警察,四处张望,不走向人行道,普通汽车,紧急（去医院）,10米,50km/h
15994,雨天,夜晚,干燥,警察,四处张望,不走向人行道,应急车辆,紧急（去医院）,10米,50km/h
16007,雨天,夜晚,干燥,警察,四处张望,不走向人行道,普通汽车,赶时间（通勤或赶飞机）,50米,50km/h
16009,雨天,夜晚,干燥,警察,四处张望,不走向人行道,应急车辆,赶时间（通勤或赶飞机）,10米,25km/h
16027,雨天,夜晚,干燥,警察,四处张望,不走向人行道,应急车辆,无特别需求,10米,25km/h
16040,雨天,夜晚,干燥,孕妇,看手机,停留,普通汽车,紧急（去医院）,50米,25km/h
16042,雨天,夜晚,干燥,孕妇,看手机,停留,普通汽车,紧急（去医院）,10米,50km/h
16047,雨天,夜晚,干燥,孕妇,看手机,停留,应急车辆,紧急（去医院）,100米,25km/h
16058,雨天,夜晚,干燥,孕妇,看手机,停留,普通汽车,赶时间（通勤或赶飞机）,50米,25km/h
16076,雨天,夜晚,干燥,孕妇,看手机,停留,普通汽车,无特别需求,50米,25km/h
16108,雨天,夜晚,干燥,孕妇,看手机,走向人行道,卡车,紧急（去医院）,10米,50km/h
16110,雨天,夜晚,干燥,孕妇,看手机,走向人行道,卡车,紧急（去医院）,100米,50km/h
16122,雨天,夜晚,干燥,孕妇,看手机,走向人行道,应急车辆,赶时间（通勤或赶飞机）,100米,50km/h
16153,雨天,夜晚,干燥,孕妇,看手机,不走向人行道,应急车辆,紧急（去医院）,10米,25km/h
16156,雨天,夜晚,干燥,孕妇,看手机,不走向人行道,应急车辆,紧急（去医院）,10米,50km/h
16162,雨天,夜晚,干燥,孕妇,看手机,不走向人行道,卡车,紧急（去医院）,10米,50km/h
16172,雨天,夜晚,干燥,孕妇,看手机,不走向人行道,应急车辆,赶时间（通勤或赶飞机）,50米,25km/h
16176,雨天,夜晚,干燥,孕妇,看手机,不走向人行道,应急车辆,赶时间（通勤或赶飞机）,100米,50km/h
16196,雨天,夜晚,干燥,孕妇,看手机,不走向人行道,卡车,无特别需求,50米,25km/h
16254,雨天,夜晚,干燥,孕妇,与人交谈,停留,卡车,无特别需求,100米,50km/h
16306,雨天,夜晚,干燥,孕妇,与人交谈,走向人行道,卡车,无特别需求,10米,50km/h
16312,雨天,夜晚,干燥,孕妇,与人交谈,不走向人行道,普通汽车,紧急（去医院）,10米,50km/h
16325,雨天,夜晚,干燥,孕妇,与人交谈,不走向人行道,卡车,紧急（去医院）,50米,50km/h
16342,雨天,夜晚,干燥,孕妇,与人交谈,不走向人行道,卡车,赶时间（通勤或赶飞机）,10米,50km/h
16343,雨天,夜晚,干燥,孕妇,与人交谈,不走向人行道,卡车,赶时间（通勤或赶飞机）,50米,50km/h
16344,雨天,夜晚,干燥,孕妇,与人交谈,不走向人行道,卡车,赶时间（通勤或赶飞机）,100米,50km/h
16350,雨天,夜晚,干燥,孕妇,与人交谈,不走向人行道,普通汽车,无特别需求,100米,50km/h
16355,雨天,夜晚,干燥,孕妇,与人交谈,不走向人行道,应急车辆,无特别需求,50米,50km/h
16363,雨天,夜晚,干燥,孕妇,四处张望,停留,普通汽车,紧急（去医院）,10米,25km/h
16396,雨天,夜晚,干燥,孕妇,四处张望,停留,卡车,赶时间（通勤或赶飞机）,10米,50km/h
16400,雨天,夜晚,干燥,孕妇,四处张望,停留,普通汽车,无特别需求,50米,25km/h
16451,雨天,夜晚,干燥,孕妇,四处张望,走向人行道,卡车,赶时间（通勤或赶飞机）,50米,50km/h
16452,雨天,夜晚,干燥,孕妇,四处张望,走向人行道,卡车,赶时间（通勤或赶飞机）,100米,50km/h
16461,雨天,夜晚,干燥,孕妇,四处张望,走向人行道,应急车辆,无特别需求,100米,25km/h
16465,雨天,夜晚,干燥,孕妇,四处张望,走向人行道,卡车,无特别需求,10米,25km/h
16474,雨天,夜晚,干燥,孕妇,四处张望,不走向人行道,普通汽车,紧急（去医院）,10米,50km/h
16496,雨天,夜晚,干燥,孕妇,四处张望,不走向人行道,应急车辆,赶时间（通勤或赶飞机）,50米,25km/h
16527,雨天,夜晚,干燥,大学生,看手机,停留,普通汽车,紧急（去医院）,100米,25km/h
16545,雨天,夜晚,干燥,大学生,看手机,停留,普通汽车,赶时间（通勤或赶飞机）,100米,25km/h
16561,雨天,夜晚,干燥,大学生,看手机,停留,普通汽车,无特别需求,10米,25km/h
16565,雨天,夜晚,干燥,大学生,看手机,停留,普通汽车,无特别需求,50米,50km/h
16569,雨天,夜晚,干燥,大学生,看手机,停留,应急车辆,无特别需求,100米,25km/h
16583,雨天,夜晚,干燥,大学生,看手机,走向人行道,普通汽车,紧急（去医院）,50米,50km/h
16585,雨天,夜晚,干燥,大学生,看手机,走向人行道,应急车辆,紧急（去医院）,10米,25km/h
16587,雨天,夜晚,干燥,大学生,看手机,走向人行道,应急车辆,紧急（去医院）,100米,25km/h
16590,雨天,夜晚,干燥,大学生,看手机,走向人行道,应急车辆,紧急（去医院）,100米,50km/h
16608,雨天,夜晚,干燥,大学生,看手机,走向人行道,应急车辆,赶时间（通勤或赶飞机）,100米,50km/h
16614,雨天,夜晚,干燥,大学生,看手机,走向人行道,卡车,赶时间（通勤或赶飞机）,100米,50km/h
16618,雨天,夜晚,干燥,大学生,看手机,走向人行道,普通汽车,无特别需求,10米,50km/h
16624,雨天,夜晚,干燥,大学生,看手机,走向人行道,应急车辆,无特别需求,10米,50km/h
16656,雨天,夜晚,干燥,大学生,看手机,不走向人行道,普通汽车,赶时间（通勤或赶飞机）,100米,50km/h
16661,雨天,夜晚,干燥,大学生,看手机,不走向人行道,应急车辆,赶时间（通勤或赶飞机）,50米,50km/h
16671,雨天,夜晚,干燥,大学生,看手机,不走向人行道,普通汽车,无特别需求,100米,25km/h
16678,雨天,夜晚,干燥,大学生,看手机,不走向人行道,应急车辆,无特别需求,10米,50km/h
16681,雨天,夜晚,干燥,大学生,看手机,不走向人行道,卡车,无特别需求,10米,25km/h
16706,雨天,夜晚,干燥,大学生,与人交谈,停留,普通汽车,赶时间（通勤或赶飞机）,50米,25km/h
16720,雨天,夜晚,干燥,大学生,与人交谈,停留,卡车,赶时间（通勤或赶飞机）,10米,50km/h
16745,雨天,夜晚,干燥,大学生,与人交谈,走向人行道,普通汽车,紧急（去医院）,50米,50km/h
16746,雨天,夜晚,干燥,大学生,与人交谈,走向人行道,普通汽车,紧急（去医院）,100米,50km/h
16748,雨天,夜晚,干燥,大学生,与人交谈,走向人行道,应急车辆,紧急（去医院）,50米,25km/h
16764,雨天,夜晚,干燥,大学生,与人交谈,走向人行道,普通汽车,赶时间（通勤或赶飞机）,100米,50km/h
16789,雨天,夜晚,干燥,大学生,与人交谈,走向人行道,卡车,无特别需求,10米,25km/h
16805,雨天,夜晚,干燥,大学生,与人交谈,不走向人行道,应急车辆,紧急（去医院）,50米,50km/h
16809,雨天,夜晚,干燥,大学生,与人交谈,不走向人行道,卡车,紧急（去医院）,100米,25km/h
16812,雨天,夜晚,干燥,大学生,与人交谈,不走向人行道,卡车,紧急（去医院）,100米,50km/h
16829,雨天,夜晚,干燥,大学生,与人交谈,不走向人行道,卡车,赶时间（通勤或赶飞机）,50米,50km/h
16834,雨天,夜晚,干燥,大学生,与人交谈,不走向人行道,普通汽车,无特别需求,10米,50km/h
16837,雨天,夜晚,干燥,大学生,与人交谈,不走向人行道,应急车辆,无特别需求,10米,25km/h
16857,雨天,夜晚,干燥,大学生,四处张望,停留,应急车辆,紧急（去医院）,100米,25km/h
16865,雨天,夜晚,干燥,大学生,四处张望,停留,卡车,紧急（去医院）,50米,50km/h
16872,雨天,夜晚,干燥,大学生,四处张望,停留,普通汽车,赶时间（通勤或赶飞机）,100米,50km/h
16880,雨天,夜晚,干燥,大学生,四处张望,停留,卡车,赶时间（通勤或赶飞机）,50米,25km/h
16883,雨天,夜晚,干燥,大学生,四处张望,停留,卡车,赶时间（通勤或赶飞机）,50米,50km/h
16894,雨天,夜晚,干燥,大学生,四处张望,停留,应急车辆,无特别需求,10米,50km/h
16900,雨天,夜晚,干燥,大学生,四处张望,停留,卡车,无特别需求,10米,50km/h
16914,雨天,夜晚,干燥,大学生,四处张望,走向人行道,应急车辆,紧急（去医院）,100米,50km/h
16917,雨天,夜晚,干燥,大学生,四处张望,走向人行道,卡车,紧急（去医院）,100米,25km/h
16919,雨天,夜晚,干燥,大学生,四处张望,走向人行道,卡车,紧急（去医院）,50米,50km/h
16927,雨天,夜晚,干燥,大学生,四处张望,走向人行道,应急车辆,赶时间（通勤或赶飞机）,10米,25km/h
16930,雨天,夜晚,干燥,大学生,四处张望,走向人行道,应急车辆,赶时间（通勤或赶飞机）,10米,50km/h
16933,雨天,夜晚,干燥,大学生,四处张望,走向人行道,卡车,赶时间（通勤或赶飞机）,10米,25km/h
16947,雨天,夜晚,干燥,大学生,四处张望,走向人行道,应急车辆,无特别需求,100米,25km/h
16955,雨天,夜晚,干燥,大学生,四处张望,走向人行道,卡车,无特别需求,50米,50km/h
16989,雨天,夜晚,干燥,大学生,四处张望,不走向人行道,卡车,赶时间（通勤或赶飞机）,100米,25km/h
17003,雨天,夜晚,干燥,大学生,四处张望,不走向人行道,应急车辆,无特别需求,50米,50km/h
17004,雨天,夜晚,干燥,大学生,四处张望,不走向人行道,应急车辆,无特别需求,100米,50km/h
17012,雨天,夜晚,湿滑,儿童,看手机,停留,普通汽车,紧急（去医院）,50米,25km/h
17025,雨天,夜晚,湿滑,儿童,看手机,停留,卡车,紧急（去医院）,100米,25km/h
17033,雨天,夜晚,湿滑,儿童,看手机,停留,普通汽车,赶时间（通勤或赶飞机）,50米,50km/h
17036,雨天,夜晚,湿滑,儿童,看手机,停留,应急车辆,赶时间（通勤或赶飞机）,50米,25km/h
17038,雨天,夜晚,湿滑,儿童,看手机,停留,应急车辆,赶时间（通勤或赶飞机）,10米,50km/h
17057,雨天,夜晚,湿滑,儿童,看手机,停留,应急车辆,无特别需求,50米,50km/h
17062,雨天,夜晚,湿滑,儿童,看手机,停留,卡车,无特别需求,10米,50km/h
17065,雨天,夜晚,湿滑,儿童,看手机,走向人行道,普通汽车,紧急（去医院）,10米,25km/h
17087,雨天,夜晚,湿滑,儿童,看手机,走向人行道,普通汽车,赶时间（通勤或赶飞机）,50米,50km/h
17093,雨天,夜晚,湿滑,儿童,看手机,走向人行道,应急车辆,赶时间（通勤或赶飞机）,50米,50km/h
17106,雨天,夜晚,湿滑,儿童,看手机,走向人行道,普通汽车,无特别需求,100米,50km/h
17113,雨天,夜晚,湿滑,儿童,看手机,走向人行道,卡车,无特别需求,10米,25km/h
17130,雨天,夜晚,湿滑,儿童,看手机,不走向人行道,应急车辆,紧急（去医院）,100米,50km/h
17174,雨天,夜晚,湿滑,儿童,与人交谈,停留,普通汽车,紧急（去医院）,50米,25km/h
17194,雨天,夜晚,湿滑,儿童,与人交谈,停留,普通汽车,赶时间（通勤或赶飞机）,10米,50km/h
17212,雨天,夜晚,湿滑,儿童,与人交谈,停留,普通汽车,无特别需求,10米,50km/h
17225,雨天,夜晚,湿滑,儿童,与人交谈,停留,卡车,无特别需求,50米,50km/h
17240,雨天,夜晚,湿滑,儿童,与人交谈,走向人行道,卡车,紧急（去医院）,50米,25km/h
17251,雨天,夜晚,湿滑,儿童,与人交谈,走向人行道,应急车辆,赶时间（通勤或赶飞机）,10米,25km/h
17266,雨天,夜晚,湿滑,儿童,与人交谈,走向人行道,普通汽车,无特别需求,10米,50km/h
17275,雨天,夜晚,湿滑,儿童,与人交谈,走向人行道,卡车,无特别需求,10米,25km/h
17306,雨天,夜晚,湿滑,儿童,与人交谈,不走向人行道,应急车辆,赶时间（通勤或赶飞机）,50米,25km/h
17330,雨天,夜晚,湿滑,儿童,与人交谈,不走向人行道,卡车,无特别需求,50米,25km/h
17333,雨天,夜晚,湿滑,儿童,与人交谈,不走向人行道,卡车,无特别需求,50米,50km/h
17345,雨天,夜晚,湿滑,儿童,四处张望,停留,应急车辆,紧急（去医院）,50米,50km/h
17356,雨天,夜晚,湿滑,儿童,四处张望,停留,普通汽车,赶时间（通勤或赶飞机）,10米,50km/h
17380,雨天,夜晚,湿滑,儿童,四处张望,停留,应急车辆,无特别需求,10米,50km/h
17402,雨天,夜晚,湿滑,儿童,四处张望,走向人行道,卡车,紧急（去医院）,50米,25km/h
17408,雨天,夜晚,湿滑,儿童,四处张望,走向人行道,普通汽车,赶时间（通勤或赶飞机）,50米,25km/h
17421,雨天,夜晚,湿滑,儿童,四处张望,走向人行道,卡车,赶时间（通勤或赶飞机）,100米,25km/h
17436,雨天,夜晚,湿滑,儿童,四处张望,走向人行道,应急车辆,无特别需求,100米,50km/h
17442,雨天,夜晚,湿滑,儿童,四处张望,走向人行道,卡车,无特别需求,100米,50km/h
17452,雨天,夜晚,湿滑,儿童,四处张望,不走向人行道,应急车辆,紧急（去医院）,10米,50km/h
17476,雨天,夜晚,湿滑,儿童,四处张望,不走向人行道,卡车,赶时间（通勤或赶飞机）,10米,50km/h
17486,雨天,夜晚,湿滑,儿童,四处张望,不走向人行道,应急车辆,无特别需求,50米,25km/h
17492,雨天,夜晚,湿滑,儿童,四处张望,不走向人行道,卡车,无特别需求,50米,25km/h
17495,雨天,夜晚,湿滑,儿童,四处张望,不走向人行道,卡车,无特别需求,50米,50km/h
17516,雨天,夜晚,湿滑,老人,看手机,停留,普通汽车,赶时间（通勤或赶飞机）,50米,25km/h
17522,雨天,夜晚,湿滑,老人,看手机,停留,应急车辆,赶时间（通勤或赶飞机）,50米,25km/h
17524,雨天,夜晚,湿滑,老人,看手机,停留,应急车辆,赶时间（通勤或赶飞机）,10米,50km/h
17535,雨天,夜晚,湿滑,老人,看手机,停留,普通汽车,无特别需求,100米,25km/h
17544,雨天,夜晚,湿滑,老人,看手机,停留,应急车辆,无特别需求,100米,50km/h
17549,雨天,夜晚,湿滑,老人,看手机,停留,卡车,无特别需求,50米,50km/h
17551,雨天,夜晚,湿滑,老人,看手机,走向人行道,普通汽车,紧急（去医院）,10米,25km/h
17570,雨天,夜晚,湿滑,老人,看手机,走向人行道,普通汽车,赶时间（通勤或赶飞机）,50米,25km/h
17589,雨天,夜晚,湿滑,老人,看手机,走向人行道,普通汽车,无特别需求,100米,25km/h
17592,雨天,夜晚,湿滑,老人,看手机,走向人行道,普通汽车,无特别需求,100米,50km/h
17598,雨天,夜晚,湿滑,老人,看手机,走向人行道,应急车辆,无特别需求,100米,50km/h
17599,雨天,夜晚,湿滑,老人,看手机,走向人行道,卡车,无特别需求,10米,25km/h
17602,雨天,夜晚,湿滑,老人,看手机,走向人行道,卡车,无特别需求,10米,50km/h
17615,雨天,夜晚,湿滑,老人,看手机,不走向人行道,应急车辆,紧急（去医院）,50米,50km/h
17624,雨天,夜晚,湿滑,老人,看手机,不走向人行道,普通汽车,赶时间（通勤或赶飞机）,50米,25km/h
17625,雨天,夜晚,湿滑,老人,看手机,不走向人行道,普通汽车,赶时间（通勤或赶飞机）,100米,25km/h
17630,雨天,夜晚,湿滑,老人,看手机,不走向人行道,应急车辆,赶时间（通勤或赶飞机）,50米,25km/h
17662,雨天,夜晚,湿滑,老人,与人交谈,停留,普通汽车,紧急（去医院）,10米,50km/h
17683,雨天,夜晚,湿滑,老人,与人交谈,停留,应急车辆,赶时间（通勤或赶飞机）,10米,25km/h
17690,雨天,夜晚,湿滑,老人,与人交谈,停留,卡车,赶时间（通勤或赶飞机）,50米,25km/h
17695,雨天,夜晚,湿滑,老人,与人交谈,停留,普通汽车,无特别需求,10米,25km/h
17710,雨天,夜晚,湿滑,老人,与人交谈,停留,卡车,无特别需求,10米,50km/h
17728,雨天,夜晚,湿滑,老人,与人交谈,走向人行道,卡车,紧急（去医院）,10米,50km/h
17778,雨天,夜晚,湿滑,老人,与人交谈,不走向人行道,应急车辆,紧急（去医院）,100米,50km/h
17780,雨天,夜晚,湿滑,老人,与人交谈,不走向人行道,卡车,紧急（去医院）,50米,25km/h
17792,雨天,夜晚,湿滑,老人,与人交谈,不走向人行道,应急车辆,赶时间（通勤或赶飞机）,50米,25km/h
17793,雨天,夜晚,湿滑,老人,与人交谈,不走向人行道,应急车辆,赶时间（通勤或赶飞机）,100米,25km/h
17801,雨天,夜晚,湿滑,老人,与人交谈,不走向人行道,卡车,赶时间（通勤或赶飞机）,50米,50km/h
17821,雨天,夜晚,湿滑,老人,四处张望,停留,普通汽车,紧急（去医院）,10米,25km/h
17833,雨天,夜晚,湿滑,老人,四处张望,停留,卡车,紧急（去医院）,10米,25km/h
17834,雨天,夜晚,湿滑,老人,四处张望,停留,卡车,紧急（去医院）,50米,25km/h
17838,雨天,夜晚,湿滑,老人,四处张望,停留,卡车,紧急（去医院）,100米,50km/h
17841,雨天,夜晚,湿滑,老人,四处张望,停留,普通汽车,赶时间（通勤或赶飞机）,100米,25km/h
17855,雨天,夜晚,湿滑,老人,四处张望,停留,卡车,赶时间（通勤或赶飞机）,50米,50km/h
17884,雨天,夜晚,湿滑,老人,四处张望,走向人行道,应急车辆,紧急（去医院）,10米,50km/h
17930,雨天,夜晚,湿滑,老人,四处张望,不走向人行道,普通汽车,紧急（去医院）,50米,25km/h
17931,雨天,夜晚,湿滑,老人,四处张望,不走向人行道,普通汽车,紧急（去医院）,100米,25km/h
17937,雨天,夜晚,湿滑,老人,四处张望,不走向人行道,应急车辆,紧急（去医院）,100米,25km/h
17969,雨天,夜晚,湿滑,老人,四处张望,不走向人行道,普通汽车,无特别需求,50米,50km/h
17971,雨天,夜晚,湿滑,老人,四处张望,不走向人行道,应急车辆,无特别需求,10米,25km/h
17992,雨天,夜晚,湿滑,警察,看手机,停留,应急车辆,紧急（去医院）,10米,50km/h
18005,雨天,夜晚,湿滑,警察,看手机,停留,普通汽车,赶时间（通勤或赶飞机）,50米,50km/h
18007,雨天,夜晚,湿滑,警察,看手机,停留,应急车辆,赶时间（通勤或赶飞机）,10米,25km/h
18021,雨天,夜晚,湿滑,警察,看手机,停留,普通汽车,无特别需求,100米,25km/h
18039,雨天,夜晚,湿滑,警察,看手机,走向人行道,普通汽车,紧急（去医院）,100米,25km/h
18053,雨天,夜晚,湿滑,警察,看手机,走向人行道,卡车,紧急（去医院）,50米,50km/h
18058,雨天,夜晚,湿滑,警察,看手机,走向人行道,普通汽车,赶时间（通勤或赶飞机）,10米,50km/h
18067,雨天,夜晚,湿滑,警察,看手机,走向人行道,卡车,赶时间（通勤或赶飞机）,10米,25km/h
18120,雨天,夜晚,湿滑,警察,看手机,不走向人行道,应急车辆,赶时间（通勤或赶飞机）,100米,50km/h
18130,雨天,夜晚,湿滑,警察,看手机,不走向人行道,普通汽车,无特别需求,10米,50km/h
18141,雨天,夜晚,湿滑,警察,看手机,不走向人行道,卡车,无特别需求,100米,25km/h
18172,雨天,夜晚,湿滑,警察,与人交谈,停留,应急车辆,赶时间（通勤或赶飞机）,10米,50km/h
18173,雨天,夜晚,湿滑,警察,与人交谈,停留,应急车辆,赶时间（通勤或赶飞机）,50米,50km/h
18184,雨天,夜晚,湿滑,警察,与人交谈,停留,普通汽车,无特别需求,10米,50km/h
18203,雨天,夜晚,湿滑,警察,与人交谈,走向人行道,普通汽车,紧急（去医院）,50米,50km/h
18208,雨天,夜晚,湿滑,警察,与人交谈,走向人行道,应急车辆,紧急（去医院）,10米,50km/h
18218,雨天,夜晚,湿滑,警察,与人交谈,走向人行道,普通汽车,赶时间（通勤或赶飞机）,50米,25km/h
18236,雨天,夜晚,湿滑,警察,与人交谈,走向人行道,普通汽车,无特别需求,50米,25km/h
18243,雨天,夜晚,湿滑,警察,与人交谈,走向人行道,应急车辆,无特别需求,100米,25km/h
18267,雨天,夜晚,湿滑,警察,与人交谈,不走向人行道,卡车,紧急（去医院）,100米,25km/h
18271,雨天,夜晚,湿滑,警察,与人交谈,不走向人行道,普通汽车,赶时间（通勤或赶飞机）,10米,25km/h
18328,雨天,夜晚,湿滑,警察,四处张望,停留,普通汽车,赶时间（通勤或赶飞机）,10米,50km/h
18333,雨天,夜晚,湿滑,警察,四处张望,停留,应急车辆,赶时间（通勤或赶飞机）,100米,25km/h
18354,雨天,夜晚,湿滑,警察,四处张望,停留,应急车辆,无特别需求,100米,50km/h
18357,雨天,夜晚,湿滑,警察,四处张望,停留,卡车,无特别需求,100米,25km/h
18362,雨天,夜晚,湿滑,警察,四处张望,走向人行道,普通汽车,紧急（去医院）,50米,25km/h
18381,雨天,夜晚,湿滑,警察,四处张望,走向人行道,普通汽车,赶时间（通勤或赶飞机）,100米,25km/h
18389,雨天,夜晚,湿滑,警察,四处张望,走向人行道,应急车辆,赶时间（通勤或赶飞机）,50米,50km/h
18393,雨天,夜晚,湿滑,警察,四处张望,走向人行道,卡车,赶时间（通勤或赶飞机）,100米,25km/h
18408,雨天,夜晚,湿滑,警察,四处张望,走向人行道,应急车辆,无特别需求,100米,50km/h
18424,雨天,夜晚,湿滑,警察,四处张望,不走向人行道,应急车辆,紧急（去医院）,10米,50km/h
18443,雨天,夜晚,湿滑,警察,四处张望,不走向人行道,应急车辆,赶时间（通勤或赶飞机）,50米,50km/h
18467,雨天,夜晚,湿滑,警察,四处张望,不走向人行道,卡车,无特别需求,50米,50km/h
18482,雨天,夜晚,湿滑,孕妇,看手机,停留,卡车,紧急（去医院）,50米,25km/h
18505,雨天,夜晚,湿滑,孕妇,看手机,停留,普通汽车,无特别需求,10米,25km/h
18515,雨天,夜晚,湿滑,孕妇,看手机,停留,应急车辆,无特别需求,50米,50km/h
18531,雨天,夜晚,湿滑,孕妇,看手机,走向人行道,应急车辆,紧急（去医院）,100米,25km/h
18548,雨天,夜晚,湿滑,孕妇,看手机,走向人行道,应急车辆,赶时间（通勤或赶飞机）,50米,25km/h
18567,雨天,夜晚,湿滑,孕妇,看手机,走向人行道,应急车辆,无特别需求,100米,25km/h
18611,雨天,夜晚,湿滑,孕妇,看手机,不走向人行道,卡车,赶时间（通勤或赶飞机）,50米,50km/h
18631,雨天,夜晚,湿滑,孕妇,与人交谈,停留,普通汽车,紧急（去医院）,10米,25km/h
18649,雨天,夜晚,湿滑,孕妇,与人交谈,停留,普通汽车,赶时间（通勤或赶飞机）,10米,25km/h
18657,雨天,夜晚,湿滑,孕妇,与人交谈,停留,应急车辆,赶时间（通勤或赶飞机）,100米,25km/h
18672,雨天,夜晚,湿滑,孕妇,与人交谈,停留,普通汽车,无特别需求,100米,50km/h
18673,雨天,夜晚,湿滑,孕妇,与人交谈,停留,应急车辆,无特别需求,10米,25km/h
18688,雨天,夜晚,湿滑,孕妇,与人交谈,走向人行道,普通汽车,紧急（去医院）,10米,50km/h
18689,雨天,夜晚,湿滑,孕妇,与人交谈,走向人行道,普通汽车,紧急（去医院）,50米,50km/h
18696,雨天,夜晚,湿滑,孕妇,与人交谈,走向人行道,应急车辆,紧急（去医院）,100米,50km/h
18707,雨天,夜晚,湿滑,孕妇,与人交谈,走向人行道,普通汽车,赶时间（通勤或赶飞机）,50米,50km/h
18719,雨天,夜晚,湿滑,孕妇,与人交谈,走向人行道,卡车,赶时间（通勤或赶飞机）,50米,50km/h
18751,雨天,夜晚,湿滑,孕妇,与人交谈,不走向人行道,卡车,紧急（去医院）,10米,25km/h
18753,雨天,夜晚,湿滑,孕妇,与人交谈,不走向人行道,卡车,紧急（去医院）,100米,25km/h
18754,雨天,夜晚,湿滑,孕妇,与人交谈,不走向人行道,卡车,紧急（去医院）,10米,50km/h
18782,雨天,夜晚,湿滑,孕妇,与人交谈,不走向人行道,应急车辆,无特别需求,50米,25km/h
18800,雨天,夜晚,湿滑,孕妇,四处张望,停留,应急车辆,紧急（去医院）,50米,25km/h
18803,雨天,夜晚,湿滑,孕妇,四处张望,停留,应急车辆,紧急（去医院）,50米,50km/h
18826,雨天,夜晚,湿滑,孕妇,四处张望,停留,卡车,赶时间（通勤或赶飞机）,10米,50km/h
18842,雨天,夜晚,湿滑,孕妇,四处张望,停留,卡车,无特别需求,50米,25km/h
18854,雨天,夜晚,湿滑,孕妇,四处张望,走向人行道,应急车辆,紧急（去医院）,50米,25km/h
18856,雨天,夜晚,湿滑,孕妇,四处张望,走向人行道,应急车辆,紧急（去医院）,10米,50km/h
18859,雨天,夜晚,湿滑,孕妇,四处张望,走向人行道,卡车,紧急（去医院）,10米,25km/h
18860,雨天,夜晚,湿滑,孕妇,四处张望,走向人行道,卡车,紧急（去医院）,50米,25km/h
18866,雨天,夜晚,湿滑,孕妇,四处张望,走向人行道,普通汽车,赶时间（通勤或赶飞机）,50米,25km/h
18917,雨天,夜晚,湿滑,孕妇,四处张望,不走向人行道,卡车,紧急（去医院）,50米,50km/h
18937,雨天,夜晚,湿滑,孕妇,四处张望,不走向人行道,普通汽车,无特别需求,10米,25km/h
18940,雨天,夜晚,湿滑,孕妇,四处张望,不走向人行道,普通汽车,无特别需求,10米,50km/h
18961,雨天,夜晚,湿滑,大学生,看手机,停留,应急车辆,紧急（去医院）,10米,25km/h
18967,雨天,夜晚,湿滑,大学生,看手机,停留,卡车,紧急（去医院）,10米,25km/h
18970,雨天,夜晚,湿滑,大学生,看手机,停留,卡车,紧急（去医院）,10米,50km/h
18983,雨天,夜晚,湿滑,大学生,看手机,停留,应急车辆,赶时间（通勤或赶飞机）,50米,50km/h
19010,雨天,夜晚,湿滑,大学生,看手机,走向人行道,普通汽车,紧急（去医院）,50米,25km/h
19011,雨天,夜晚,湿滑,大学生,看手机,走向人行道,普通汽车,紧急（去医院）,100米,25km/h
19070,雨天,夜晚,湿滑,大学生,看手机,不走向人行道,应急车辆,紧急（去医院）,50米,25km/h
19090,雨天,夜晚,湿滑,大学生,看手机,不走向人行道,应急车辆,赶时间（通勤或赶飞机）,10米,50km/h
19106,雨天,夜晚,湿滑,大学生,看手机,不走向人行道,应急车辆,无特别需求,50米,25km/h
19114,雨天,夜晚,湿滑,大学生,看手机,不走向人行道,卡车,无特别需求,10米,50km/h
19122,雨天,夜晚,湿滑,大学生,与人交谈,停留,普通汽车,紧急（去医院）,100米,50km/h
19126,雨天,夜晚,湿滑,大学生,与人交谈,停留,应急车辆,紧急（去医院）,10米,50km/h
19166,雨天,夜晚,湿滑,大学生,与人交谈,停留,卡车,无特别需求,50米,25km/h
19173,雨天,夜晚,湿滑,大学生,与人交谈,走向人行道,普通汽车,紧急（去医院）,100米,25km/h
19190,雨天,夜晚,湿滑,大学生,与人交谈,走向人行道,普通汽车,赶时间（通勤或赶飞机）,50米,25km/h
19212,雨天,夜晚,湿滑,大学生,与人交谈,走向人行道,普通汽车,无特别需求,100米,50km/h
19214,雨天,夜晚,湿滑,大学生,与人交谈,走向人行道,应急车辆,无特别需求,50米,25km/h
19234,雨天,夜晚,湿滑,大学生,与人交谈,不走向人行道,应急车辆,紧急（去医院）,10米,50km/h
19258,雨天,夜晚,湿滑,大学生,与人交谈,不走向人行道,卡车,赶时间（通勤或赶飞机）,10米,50km/h
19267,雨天,夜晚,湿滑,大学生,与人交谈,不走向人行道,应急车辆,无特别需求,10米,25km/h
19274,雨天,夜晚,湿滑,大学生,与人交谈,不走向人行道,卡车,无特别需求,50米,25km/h
19275,雨天,夜晚,湿滑,大学生,与人交谈,不走向人行道,卡车,无特别需求,100米,25km/h
19295,雨天,夜晚,湿滑,大学生,四处张望,停留,卡车,紧急（去医院）,50米,50km/h
19327,雨天,夜晚,湿滑,大学生,四处张望,停留,卡车,无特别需求,10米,25km/h
19330,雨天,夜晚,湿滑,大学生,四处张望,停留,卡车,无特别需求,10米,50km/h
19349,雨天,夜晚,湿滑,大学生,四处张望,走向人行道,卡车,紧急（去医院）,50米,50km/h
19360,雨天,夜晚,湿滑,大学生,四处张望,走向人行道,应急车辆,赶时间（通勤或赶飞机）,10米,50km/h
19406,雨天,夜晚,湿滑,大学生,四处张望,不走向人行道,普通汽车,赶时间（通勤或赶飞机）,50米,25km/h
19413,雨天,夜晚,湿滑,大学生,四处张望,不走向人行道,应急车辆,赶时间（通勤或赶飞机）,100米,25km/h
19416,雨天,夜晚,湿滑,大学生,四处张望,不走向人行道,应急车辆,赶时间（通勤或赶飞机）,100米,50km/h
19434,雨天,夜晚,湿滑,大学生,四处张望,不走向人行道,应急车辆,无特别需求,100米,50km/h
19439,雨天,夜晚,湿滑,大学生,四处张望,不走向人行道,卡车,无特别需求,50米,50km/h
